Datum;Arbeitslose SH
01.07.2013;101428
02.07.2013;101428
03.07.2013;101428
04.07.2013;101428
05.07.2013;101428
06.07.2013;101428
07.07.2013;101428
08.07.2013;101428
09.07.2013;101428
10.07.2013;101428
11.07.2013;101428
12.07.2013;101428
13.07.2013;101428
14.07.2013;101428
15.07.2013;101428
16.07.2013;101428
17.07.2013;101428
18.07.2013;101428
19.07.2013;101428
20.07.2013;101428
21.07.2013;101428
22.07.2013;101428
23.07.2013;101428
24.07.2013;101428
25.07.2013;101428
26.07.2013;101428
27.07.2013;101428
28.07.2013;101428
29.07.2013;101428
30.07.2013;101428
31.07.2013;101428
01.08.2013;98697
02.08.2013;98697
03.08.2013;98697
04.08.2013;98697
05.08.2013;98697
06.08.2013;98697
07.08.2013;98697
08.08.2013;98697
09.08.2013;98697
10.08.2013;98697
11.08.2013;98697
12.08.2013;98697
13.08.2013;98697
14.08.2013;98697
15.08.2013;98697
16.08.2013;98697
17.08.2013;98697
18.08.2013;98697
19.08.2013;98697
20.08.2013;98697
21.08.2013;98697
22.08.2013;98697
23.08.2013;98697
24.08.2013;98697
25.08.2013;98697
26.08.2013;98697
27.08.2013;98697
28.08.2013;98697
29.08.2013;98697
30.08.2013;98697
31.08.2013;98697
01.09.2013;96817
02.09.2013;96817
03.09.2013;96817
04.09.2013;96817
05.09.2013;96817
06.09.2013;96817
07.09.2013;96817
08.09.2013;96817
09.09.2013;96817
10.09.2013;96817
11.09.2013;96817
12.09.2013;96817
13.09.2013;96817
14.09.2013;96817
15.09.2013;96817
16.09.2013;96817
17.09.2013;96817
18.09.2013;96817
19.09.2013;96817
20.09.2013;96817
21.09.2013;96817
22.09.2013;96817
23.09.2013;96817
24.09.2013;96817
25.09.2013;96817
26.09.2013;96817
27.09.2013;96817
28.09.2013;96817
29.09.2013;96817
30.09.2013;96817
01.10.2013;96785
02.10.2013;96785
03.10.2013;96785
04.10.2013;96785
05.10.2013;96785
06.10.2013;96785
07.10.2013;96785
08.10.2013;96785
09.10.2013;96785
10.10.2013;96785
11.10.2013;96785
12.10.2013;96785
13.10.2013;96785
14.10.2013;96785
15.10.2013;96785
16.10.2013;96785
17.10.2013;96785
18.10.2013;96785
19.10.2013;96785
20.10.2013;96785
21.10.2013;96785
22.10.2013;96785
23.10.2013;96785
24.10.2013;96785
25.10.2013;96785
26.10.2013;96785
27.10.2013;96785
28.10.2013;96785
29.10.2013;96785
30.10.2013;96785
31.10.2013;96785
01.11.2013;98770
02.11.2013;98770
03.11.2013;98770
04.11.2013;98770
05.11.2013;98770
06.11.2013;98770
07.11.2013;98770
08.11.2013;98770
09.11.2013;98770
10.11.2013;98770
11.11.2013;98770
12.11.2013;98770
13.11.2013;98770
14.11.2013;98770
15.11.2013;98770
16.11.2013;98770
17.11.2013;98770
18.11.2013;98770
19.11.2013;98770
20.11.2013;98770
21.11.2013;98770
22.11.2013;98770
23.11.2013;98770
24.11.2013;98770
25.11.2013;98770
26.11.2013;98770
27.11.2013;98770
28.11.2013;98770
29.11.2013;98770
30.11.2013;98770
01.12.2013;102811
02.12.2013;102811
03.12.2013;102811
04.12.2013;102811
05.12.2013;102811
06.12.2013;102811
07.12.2013;102811
08.12.2013;102811
09.12.2013;102811
10.12.2013;102811
11.12.2013;102811
12.12.2013;102811
13.12.2013;102811
14.12.2013;102811
15.12.2013;102811
16.12.2013;102811
17.12.2013;102811
18.12.2013;102811
19.12.2013;102811
20.12.2013;102811
21.12.2013;102811
22.12.2013;102811
23.12.2013;102811
24.12.2013;102811
27.12.2013;102811
29.12.2013;102811
30.12.2013;102811
31.12.2013;102811
02.01.2014;111656
03.01.2014;111656
04.01.2014;111656
05.01.2014;111656
06.01.2014;111656
07.01.2014;111656
08.01.2014;111656
09.01.2014;111656
10.01.2014;111656
11.01.2014;111656
12.01.2014;111656
13.01.2014;111656
14.01.2014;111656
15.01.2014;111656
16.01.2014;111656
17.01.2014;111656
18.01.2014;111656
19.01.2014;111656
20.01.2014;111656
21.01.2014;111656
22.01.2014;111656
23.01.2014;111656
24.01.2014;111656
25.01.2014;111656
26.01.2014;111656
27.01.2014;111656
28.01.2014;111656
29.01.2014;111656
30.01.2014;111656
31.01.2014;111656
01.02.2014;111846
02.02.2014;111846
03.02.2014;111846
04.02.2014;111846
05.02.2014;111846
06.02.2014;111846
07.02.2014;111846
08.02.2014;111846
09.02.2014;111846
10.02.2014;111846
11.02.2014;111846
12.02.2014;111846
13.02.2014;111846
14.02.2014;111846
15.02.2014;111846
16.02.2014;111846
17.02.2014;111846
18.02.2014;111846
19.02.2014;111846
20.02.2014;111846
21.02.2014;111846
22.02.2014;111846
23.02.2014;111846
24.02.2014;111846
25.02.2014;111846
26.02.2014;111846
27.02.2014;111846
28.02.2014;111846
01.03.2014;107731
02.03.2014;107731
03.03.2014;107731
04.03.2014;107731
05.03.2014;107731
06.03.2014;107731
07.03.2014;107731
08.03.2014;107731
09.03.2014;107731
10.03.2014;107731
11.03.2014;107731
12.03.2014;107731
13.03.2014;107731
14.03.2014;107731
15.03.2014;107731
16.03.2014;107731
17.03.2014;107731
18.03.2014;107731
19.03.2014;107731
20.03.2014;107731
21.03.2014;107731
22.03.2014;107731
23.03.2014;107731
24.03.2014;107731
25.03.2014;107731
26.03.2014;107731
27.03.2014;107731
28.03.2014;107731
29.03.2014;107731
30.03.2014;107731
31.03.2014;107731
01.04.2014;101900
02.04.2014;101900
03.04.2014;101900
04.04.2014;101900
05.04.2014;101900
06.04.2014;101900
07.04.2014;101900
08.04.2014;101900
09.04.2014;101900
10.04.2014;101900
11.04.2014;101900
12.04.2014;101900
13.04.2014;101900
14.04.2014;101900
15.04.2014;101900
16.04.2014;101900
17.04.2014;101900
19.04.2014;101900
20.04.2014;101900
21.04.2014;101900
22.04.2014;101900
23.04.2014;101900
24.04.2014;101900
25.04.2014;101900
26.04.2014;101900
27.04.2014;101900
28.04.2014;101900
29.04.2014;101900
30.04.2014;101900
02.05.2014;99315
05.05.2014;99315
06.05.2014;99315
07.05.2014;99315
08.05.2014;99315
09.05.2014;99315
10.05.2014;99315
11.05.2014;99315
12.05.2014;99315
13.05.2014;99315
14.05.2014;99315
15.05.2014;99315
16.05.2014;99315
17.05.2014;99315
18.05.2014;99315
19.05.2014;99315
20.05.2014;99315
21.05.2014;99315
22.05.2014;99315
23.05.2014;99315
24.05.2014;99315
25.05.2014;99315
26.05.2014;99315
27.05.2014;99315
28.05.2014;99315
29.05.2014;99315
30.05.2014;99315
31.05.2014;99315
01.06.2014;97372
02.06.2014;97372
03.06.2014;97372
04.06.2014;97372
05.06.2014;97372
06.06.2014;97372
07.06.2014;97372
08.06.2014;97372
09.06.2014;97372
10.06.2014;97372
11.06.2014;97372
12.06.2014;97372
13.06.2014;97372
14.06.2014;97372
15.06.2014;97372
16.06.2014;97372
17.06.2014;97372
18.06.2014;97372
19.06.2014;97372
20.06.2014;97372
21.06.2014;97372
22.06.2014;97372
23.06.2014;97372
24.06.2014;97372
25.06.2014;97372
26.06.2014;97372
27.06.2014;97372
28.06.2014;97372
29.06.2014;97372
30.06.2014;97372
01.07.2014;100584
02.07.2014;100584
03.07.2014;100584
04.07.2014;100584
05.07.2014;100584
06.07.2014;100584
07.07.2014;100584
08.07.2014;100584
09.07.2014;100584
10.07.2014;100584
11.07.2014;100584
12.07.2014;100584
13.07.2014;100584
14.07.2014;100584
15.07.2014;100584
16.07.2014;100584
17.07.2014;100584
18.07.2014;100584
19.07.2014;100584
20.07.2014;100584
21.07.2014;100584
22.07.2014;100584
23.07.2014;100584
24.07.2014;100584
25.07.2014;100584
26.07.2014;100584
27.07.2014;100584
28.07.2014;100584
29.07.2014;100584
30.07.2014;100584
31.07.2014;100584
01.08.2014;99979
02.08.2014;99979
03.08.2014;99979
04.08.2014;99979
05.08.2014;99979
06.08.2014;99979
07.08.2014;99979
08.08.2014;99979
09.08.2014;99979
10.08.2014;99979
11.08.2014;99979
12.08.2014;99979
13.08.2014;99979
14.08.2014;99979
15.08.2014;99979
16.08.2014;99979
18.08.2014;99979
19.08.2014;99979
20.08.2014;99979
21.08.2014;99979
22.08.2014;99979
23.08.2014;99979
24.08.2014;99979
25.08.2014;99979
26.08.2014;99979
27.08.2014;99979
28.08.2014;99979
29.08.2014;99979
30.08.2014;99979
31.08.2014;99979
01.09.2014;95635
02.09.2014;95635
03.09.2014;95635
04.09.2014;95635
05.09.2014;95635
06.09.2014;95635
07.09.2014;95635
08.09.2014;95635
09.09.2014;95635
10.09.2014;95635
11.09.2014;95635
12.09.2014;95635
13.09.2014;95635
14.09.2014;95635
15.09.2014;95635
16.09.2014;95635
17.09.2014;95635
18.09.2014;95635
19.09.2014;95635
20.09.2014;95635
21.09.2014;95635
22.09.2014;95635
23.09.2014;95635
24.09.2014;95635
25.09.2014;95635
26.09.2014;95635
27.09.2014;95635
28.09.2014;95635
29.09.2014;95635
30.09.2014;95635
01.10.2014;93832
02.10.2014;93832
03.10.2014;93832
04.10.2014;93832
05.10.2014;93832
06.10.2014;93832
07.10.2014;93832
08.10.2014;93832
09.10.2014;93832
10.10.2014;93832
11.10.2014;93832
12.10.2014;93832
13.10.2014;93832
14.10.2014;93832
15.10.2014;93832
16.10.2014;93832
17.10.2014;93832
18.10.2014;93832
19.10.2014;93832
20.10.2014;93832
21.10.2014;93832
22.10.2014;93832
23.10.2014;93832
24.10.2014;93832
25.10.2014;93832
26.10.2014;93832
27.10.2014;93832
28.10.2014;93832
29.10.2014;93832
30.10.2014;93832
31.10.2014;93832
01.11.2014;94480
02.11.2014;94480
03.11.2014;94480
04.11.2014;94480
05.11.2014;94480
06.11.2014;94480
07.11.2014;94480
08.11.2014;94480
09.11.2014;94480
10.11.2014;94480
11.11.2014;94480
12.11.2014;94480
13.11.2014;94480
14.11.2014;94480
15.11.2014;94480
16.11.2014;94480
17.11.2014;94480
18.11.2014;94480
19.11.2014;94480
20.11.2014;94480
21.11.2014;94480
22.11.2014;94480
23.11.2014;94480
24.11.2014;94480
25.11.2014;94480
26.11.2014;94480
27.11.2014;94480
28.11.2014;94480
29.11.2014;94480
30.11.2014;94480
01.12.2014;97154
02.12.2014;97154
03.12.2014;97154
04.12.2014;97154
05.12.2014;97154
06.12.2014;97154
07.12.2014;97154
08.12.2014;97154
09.12.2014;97154
10.12.2014;97154
11.12.2014;97154
12.12.2014;97154
13.12.2014;97154
14.12.2014;97154
15.12.2014;97154
16.12.2014;97154
17.12.2014;97154
18.12.2014;97154
19.12.2014;97154
20.12.2014;97154
21.12.2014;97154
22.12.2014;97154
23.12.2014;97154
24.12.2014;97154
27.12.2014;97154
28.12.2014;97154
29.12.2014;97154
30.12.2014;97154
31.12.2014;97154
02.01.2015;106411
03.01.2015;106411
04.01.2015;106411
05.01.2015;106411
06.01.2015;106411
07.01.2015;106411
08.01.2015;106411
09.01.2015;106411
10.01.2015;106411
11.01.2015;106411
12.01.2015;106411
13.01.2015;106411
14.01.2015;106411
15.01.2015;106411
16.01.2015;106411
17.01.2015;106411
18.01.2015;106411
19.01.2015;106411
20.01.2015;106411
21.01.2015;106411
22.01.2015;106411
23.01.2015;106411
24.01.2015;106411
25.01.2015;106411
26.01.2015;106411
27.01.2015;106411
28.01.2015;106411
29.01.2015;106411
30.01.2015;106411
31.01.2015;106411
01.02.2015;106364
02.02.2015;106364
03.02.2015;106364
04.02.2015;106364
05.02.2015;106364
06.02.2015;106364
07.02.2015;106364
08.02.2015;106364
09.02.2015;106364
10.02.2015;106364
11.02.2015;106364
12.02.2015;106364
13.02.2015;106364
14.02.2015;106364
15.02.2015;106364
16.02.2015;106364
17.02.2015;106364
18.02.2015;106364
19.02.2015;106364
20.02.2015;106364
21.02.2015;106364
22.02.2015;106364
23.02.2015;106364
24.02.2015;106364
25.02.2015;106364
26.02.2015;106364
27.02.2015;106364
28.02.2015;106364
01.03.2015;102494
02.03.2015;102494
03.03.2015;102494
04.03.2015;102494
05.03.2015;102494
06.03.2015;102494
07.03.2015;102494
08.03.2015;102494
09.03.2015;102494
10.03.2015;102494
11.03.2015;102494
12.03.2015;102494
13.03.2015;102494
14.03.2015;102494
15.03.2015;102494
16.03.2015;102494
17.03.2015;102494
18.03.2015;102494
19.03.2015;102494
20.03.2015;102494
21.03.2015;102494
22.03.2015;102494
23.03.2015;102494
24.03.2015;102494
25.03.2015;102494
26.03.2015;102494
27.03.2015;102494
28.03.2015;102494
29.03.2015;102494
30.03.2015;102494
31.03.2015;102494
01.04.2015;97962
02.04.2015;97962
04.04.2015;97962
05.04.2015;97962
06.04.2015;97962
07.04.2015;97962
08.04.2015;97962
09.04.2015;97962
10.04.2015;97962
11.04.2015;97962
12.04.2015;97962
13.04.2015;97962
14.04.2015;97962
15.04.2015;97962
16.04.2015;97962
17.04.2015;97962
18.04.2015;97962
19.04.2015;97962
20.04.2015;97962
21.04.2015;97962
22.04.2015;97962
23.04.2015;97962
24.04.2015;97962
25.04.2015;97962
26.04.2015;97962
27.04.2015;97962
28.04.2015;97962
29.04.2015;97962
30.04.2015;97962
02.05.2015;94899
03.05.2015;94899
04.05.2015;94899
05.05.2015;94899
06.05.2015;94899
07.05.2015;94899
08.05.2015;94899
09.05.2015;94899
10.05.2015;94899
11.05.2015;94899
12.05.2015;94899
13.05.2015;94899
14.05.2015;94899
15.05.2015;94899
16.05.2015;94899
17.05.2015;94899
18.05.2015;94899
19.05.2015;94899
20.05.2015;94899
21.05.2015;94899
22.05.2015;94899
23.05.2015;94899
24.05.2015;94899
25.05.2015;94899
26.05.2015;94899
27.05.2015;94899
28.05.2015;94899
29.05.2015;94899
30.05.2015;94899
31.05.2015;94899
01.06.2015;93262
02.06.2015;93262
03.06.2015;93262
04.06.2015;93262
05.06.2015;93262
06.06.2015;93262
07.06.2015;93262
08.06.2015;93262
09.06.2015;93262
10.06.2015;93262
11.06.2015;93262
12.06.2015;93262
13.06.2015;93262
14.06.2015;93262
15.06.2015;93262
16.06.2015;93262
17.06.2015;93262
18.06.2015;93262
19.06.2015;93262
20.06.2015;93262
21.06.2015;93262
22.06.2015;93262
23.06.2015;93262
24.06.2015;93262
25.06.2015;93262
26.06.2015;93262
27.06.2015;93262
28.06.2015;93262
29.06.2015;93262
30.06.2015;93262
01.07.2015;96532
02.07.2015;96532
03.07.2015;96532
04.07.2015;96532
05.07.2015;96532
06.07.2015;96532
07.07.2015;96532
08.07.2015;96532
09.07.2015;96532
10.07.2015;96532
11.07.2015;96532
12.07.2015;96532
13.07.2015;96532
14.07.2015;96532
15.07.2015;96532
16.07.2015;96532
17.07.2015;96532
18.07.2015;96532
19.07.2015;96532
20.07.2015;96532
21.07.2015;96532
22.07.2015;96532
23.07.2015;96532
24.07.2015;96532
25.07.2015;96532
26.07.2015;96532
27.07.2015;96532
28.07.2015;96532
29.07.2015;96532
30.07.2015;96532
31.07.2015;96532
01.08.2015;97843
02.08.2015;97843
03.08.2015;97843
04.08.2015;97843
05.08.2015;97843
06.08.2015;97843
07.08.2015;97843
08.08.2015;97843
09.08.2015;97843
10.08.2015;97843
11.08.2015;97843
12.08.2015;97843
13.08.2015;97843
14.08.2015;97843
15.08.2015;97843
16.08.2015;97843
17.08.2015;97843
18.08.2015;97843
19.08.2015;97843
20.08.2015;97843
21.08.2015;97843
22.08.2015;97843
23.08.2015;97843
24.08.2015;97843
25.08.2015;97843
26.08.2015;97843
27.08.2015;97843
28.08.2015;97843
29.08.2015;97843
30.08.2015;97843
31.08.2015;97843
01.09.2015;94274
02.09.2015;94274
03.09.2015;94274
04.09.2015;94274
05.09.2015;94274
06.09.2015;94274
07.09.2015;94274
08.09.2015;94274
09.09.2015;94274
10.09.2015;94274
11.09.2015;94274
12.09.2015;94274
13.09.2015;94274
14.09.2015;94274
15.09.2015;94274
16.09.2015;94274
17.09.2015;94274
18.09.2015;94274
19.09.2015;94274
20.09.2015;94274
21.09.2015;94274
22.09.2015;94274
23.09.2015;94274
24.09.2015;94274
25.09.2015;94274
26.09.2015;94274
27.09.2015;94274
28.09.2015;94274
29.09.2015;94274
30.09.2015;94274
01.10.2015;92847
02.10.2015;92847
03.10.2015;92847
04.10.2015;92847
05.10.2015;92847
06.10.2015;92847
07.10.2015;92847
08.10.2015;92847
09.10.2015;92847
10.10.2015;92847
11.10.2015;92847
12.10.2015;92847
13.10.2015;92847
14.10.2015;92847
15.10.2015;92847
16.10.2015;92847
17.10.2015;92847
18.10.2015;92847
19.10.2015;92847
20.10.2015;92847
21.10.2015;92847
22.10.2015;92847
23.10.2015;92847
24.10.2015;92847
25.10.2015;92847
26.10.2015;92847
27.10.2015;92847
28.10.2015;92847
29.10.2015;92847
30.10.2015;92847
31.10.2015;92847
01.11.2015;94258
02.11.2015;94258
03.11.2015;94258
04.11.2015;94258
05.11.2015;94258
06.11.2015;94258
07.11.2015;94258
08.11.2015;94258
09.11.2015;94258
10.11.2015;94258
11.11.2015;94258
12.11.2015;94258
13.11.2015;94258
14.11.2015;94258
15.11.2015;94258
16.11.2015;94258
17.11.2015;94258
18.11.2015;94258
19.11.2015;94258
20.11.2015;94258
21.11.2015;94258
22.11.2015;94258
23.11.2015;94258
24.11.2015;94258
25.11.2015;94258
26.11.2015;94258
27.11.2015;94258
28.11.2015;94258
29.11.2015;94258
30.11.2015;94258
01.12.2015;97048
02.12.2015;97048
03.12.2015;97048
04.12.2015;97048
05.12.2015;97048
06.12.2015;97048
07.12.2015;97048
08.12.2015;97048
09.12.2015;97048
10.12.2015;97048
11.12.2015;97048
12.12.2015;97048
13.12.2015;97048
14.12.2015;97048
15.12.2015;97048
16.12.2015;97048
17.12.2015;97048
18.12.2015;97048
19.12.2015;97048
20.12.2015;97048
21.12.2015;97048
22.12.2015;97048
23.12.2015;97048
24.12.2015;97048
27.12.2015;97048
28.12.2015;97048
29.12.2015;97048
30.12.2015;97048
31.12.2015;97048
02.01.2016;104989
03.01.2016;104989
04.01.2016;104989
05.01.2016;104989
06.01.2016;104989
07.01.2016;104989
08.01.2016;104989
09.01.2016;104989
10.01.2016;104989
11.01.2016;104989
12.01.2016;104989
13.01.2016;104989
14.01.2016;104989
15.01.2016;104989
16.01.2016;104989
17.01.2016;104989
18.01.2016;104989
19.01.2016;104989
20.01.2016;104989
21.01.2016;104989
22.01.2016;104989
23.01.2016;104989
24.01.2016;104989
25.01.2016;104989
26.01.2016;104989
27.01.2016;104989
28.01.2016;104989
29.01.2016;104989
30.01.2016;104989
31.01.2016;104989
01.02.2016;104775
02.02.2016;104775
03.02.2016;104775
04.02.2016;104775
05.02.2016;104775
06.02.2016;104775
07.02.2016;104775
08.02.2016;104775
09.02.2016;104775
10.02.2016;104775
11.02.2016;104775
12.02.2016;104775
13.02.2016;104775
14.02.2016;104775
15.02.2016;104775
16.02.2016;104775
17.02.2016;104775
18.02.2016;104775
19.02.2016;104775
20.02.2016;104775
21.02.2016;104775
22.02.2016;104775
23.02.2016;104775
24.02.2016;104775
25.02.2016;104775
26.02.2016;104775
27.02.2016;104775
28.02.2016;104775
29.02.2016;104775
01.03.2016;101208
02.03.2016;101208
03.03.2016;101208
04.03.2016;101208
05.03.2016;101208
06.03.2016;101208
07.03.2016;101208
08.03.2016;101208
09.03.2016;101208
10.03.2016;101208
11.03.2016;101208
12.03.2016;101208
13.03.2016;101208
14.03.2016;101208
15.03.2016;101208
16.03.2016;101208
17.03.2016;101208
18.03.2016;101208
19.03.2016;101208
20.03.2016;101208
21.03.2016;101208
22.03.2016;101208
23.03.2016;101208
26.03.2016;101208
27.03.2016;101208
28.03.2016;101208
29.03.2016;101208
30.03.2016;101208
31.03.2016;101208
01.04.2016;96668
02.04.2016;96668
03.04.2016;96668
04.04.2016;96668
05.04.2016;96668
06.04.2016;96668
07.04.2016;96668
08.04.2016;96668
09.04.2016;96668
10.04.2016;96668
11.04.2016;96668
12.04.2016;96668
13.04.2016;96668
14.04.2016;96668
15.04.2016;96668
16.04.2016;96668
17.04.2016;96668
18.04.2016;96668
19.04.2016;96668
20.04.2016;96668
21.04.2016;96668
22.04.2016;96668
23.04.2016;96668
24.04.2016;96668
25.04.2016;96668
26.04.2016;96668
27.04.2016;96668
28.04.2016;96668
29.04.2016;96668
30.04.2016;96668
01.05.2016;93677
02.05.2016;93677
03.05.2016;93677
04.05.2016;93677
05.05.2016;93677
06.05.2016;93677
07.05.2016;93677
08.05.2016;93677
09.05.2016;93677
10.05.2016;93677
11.05.2016;93677
12.05.2016;93677
13.05.2016;93677
14.05.2016;93677
15.05.2016;93677
16.05.2016;93677
17.05.2016;93677
18.05.2016;93677
19.05.2016;93677
20.05.2016;93677
21.05.2016;93677
22.05.2016;93677
23.05.2016;93677
24.05.2016;93677
25.05.2016;93677
26.05.2016;93677
27.05.2016;93677
28.05.2016;93677
29.05.2016;93677
30.05.2016;93677
31.05.2016;93677
01.06.2016;90466
02.06.2016;90466
03.06.2016;90466
04.06.2016;90466
05.06.2016;90466
06.06.2016;90466
07.06.2016;90466
08.06.2016;90466
09.06.2016;90466
10.06.2016;90466
11.06.2016;90466
12.06.2016;90466
13.06.2016;90466
14.06.2016;90466
15.06.2016;90466
16.06.2016;90466
17.06.2016;90466
18.06.2016;90466
19.06.2016;90466
20.06.2016;90466
21.06.2016;90466
22.06.2016;90466
23.06.2016;90466
24.06.2016;90466
25.06.2016;90466
26.06.2016;90466
27.06.2016;90466
28.06.2016;90466
29.06.2016;90466
30.06.2016;90466
01.07.2016;92410
02.07.2016;92410
03.07.2016;92410
04.07.2016;92410
05.07.2016;92410
06.07.2016;92410
08.07.2016;92410
09.07.2016;92410
10.07.2016;92410
11.07.2016;92410
12.07.2016;92410
13.07.2016;92410
14.07.2016;92410
15.07.2016;92410
16.07.2016;92410
17.07.2016;92410
19.07.2016;92410
20.07.2016;92410
21.07.2016;92410
22.07.2016;92410
23.07.2016;92410
24.07.2016;92410
25.07.2016;92410
26.07.2016;92410
27.07.2016;92410
28.07.2016;92410
29.07.2016;92410
30.07.2016;92410
31.07.2016;92410
01.08.2016;94281
02.08.2016;94281
03.08.2016;94281
04.08.2016;94281
05.08.2016;94281
06.08.2016;94281
07.08.2016;94281
08.08.2016;94281
09.08.2016;94281
10.08.2016;94281
11.08.2016;94281
12.08.2016;94281
13.08.2016;94281
16.08.2016;94281
17.08.2016;94281
18.08.2016;94281
19.08.2016;94281
20.08.2016;94281
21.08.2016;94281
22.08.2016;94281
23.08.2016;94281
24.08.2016;94281
25.08.2016;94281
26.08.2016;94281
27.08.2016;94281
28.08.2016;94281
29.08.2016;94281
30.08.2016;94281
31.08.2016;94281
01.09.2016;90615
02.09.2016;90615
03.09.2016;90615
04.09.2016;90615
05.09.2016;90615
06.09.2016;90615
07.09.2016;90615
08.09.2016;90615
09.09.2016;90615
10.09.2016;90615
11.09.2016;90615
12.09.2016;90615
13.09.2016;90615
14.09.2016;90615
15.09.2016;90615
16.09.2016;90615
17.09.2016;90615
18.09.2016;90615
19.09.2016;90615
20.09.2016;90615
21.09.2016;90615
22.09.2016;90615
23.09.2016;90615
24.09.2016;90615
25.09.2016;90615
26.09.2016;90615
27.09.2016;90615
28.09.2016;90615
29.09.2016;90615
30.09.2016;90615
01.10.2016;88558
02.10.2016;88558
03.10.2016;88558
04.10.2016;88558
05.10.2016;88558
06.10.2016;88558
07.10.2016;88558
08.10.2016;88558
09.10.2016;88558
10.10.2016;88558
11.10.2016;88558
12.10.2016;88558
13.10.2016;88558
14.10.2016;88558
15.10.2016;88558
16.10.2016;88558
17.10.2016;88558
18.10.2016;88558
19.10.2016;88558
20.10.2016;88558
21.10.2016;88558
22.10.2016;88558
23.10.2016;88558
24.10.2016;88558
25.10.2016;88558
26.10.2016;88558
27.10.2016;88558
28.10.2016;88558
29.10.2016;88558
30.10.2016;88558
31.10.2016;88558
01.11.2016;89319
02.11.2016;89319
03.11.2016;89319
04.11.2016;89319
05.11.2016;89319
06.11.2016;89319
07.11.2016;89319
08.11.2016;89319
09.11.2016;89319
10.11.2016;89319
11.11.2016;89319
12.11.2016;89319
13.11.2016;89319
14.11.2016;89319
15.11.2016;89319
16.11.2016;89319
17.11.2016;89319
18.11.2016;89319
19.11.2016;89319
20.11.2016;89319
21.11.2016;89319
22.11.2016;89319
23.11.2016;89319
24.11.2016;89319
25.11.2016;89319
26.11.2016;89319
27.11.2016;89319
28.11.2016;89319
29.11.2016;89319
30.11.2016;89319
01.12.2016;92755
02.12.2016;92755
03.12.2016;92755
04.12.2016;92755
05.12.2016;92755
06.12.2016;92755
07.12.2016;92755
08.12.2016;92755
09.12.2016;92755
10.12.2016;92755
11.12.2016;92755
12.12.2016;92755
13.12.2016;92755
14.12.2016;92755
15.12.2016;92755
16.12.2016;92755
18.12.2016;92755
19.12.2016;92755
20.12.2016;92755
21.12.2016;92755
22.12.2016;92755
23.12.2016;92755
24.12.2016;92755
27.12.2016;92755
28.12.2016;92755
29.12.2016;92755
30.12.2016;92755
31.12.2016;92755
02.01.2017;100271
03.01.2017;100271
04.01.2017;100271
05.01.2017;100271
06.01.2017;100271
07.01.2017;100271
08.01.2017;100271
09.01.2017;100271
10.01.2017;100271
11.01.2017;100271
12.01.2017;100271
13.01.2017;100271
14.01.2017;100271
15.01.2017;100271
16.01.2017;100271
17.01.2017;100271
18.01.2017;100271
19.01.2017;100271
20.01.2017;100271
21.01.2017;100271
22.01.2017;100271
23.01.2017;100271
24.01.2017;100271
25.01.2017;100271
26.01.2017;100271
27.01.2017;100271
28.01.2017;100271
29.01.2017;100271
30.01.2017;100271
31.01.2017;100271
01.02.2017;100704
02.02.2017;100704
03.02.2017;100704
04.02.2017;100704
05.02.2017;100704
06.02.2017;100704
07.02.2017;100704
08.02.2017;100704
09.02.2017;100704
10.02.2017;100704
11.02.2017;100704
12.02.2017;100704
13.02.2017;100704
14.02.2017;100704
15.02.2017;100704
16.02.2017;100704
17.02.2017;100704
18.02.2017;100704
19.02.2017;100704
20.02.2017;100704
21.02.2017;100704
22.02.2017;100704
23.02.2017;100704
24.02.2017;100704
25.02.2017;100704
26.02.2017;100704
27.02.2017;100704
28.02.2017;100704
01.03.2017;96986
02.03.2017;96986
03.03.2017;96986
04.03.2017;96986
05.03.2017;96986
06.03.2017;96986
07.03.2017;96986
08.03.2017;96986
09.03.2017;96986
10.03.2017;96986
11.03.2017;96986
12.03.2017;96986
13.03.2017;96986
14.03.2017;96986
15.03.2017;96986
16.03.2017;96986
17.03.2017;96986
18.03.2017;96986
19.03.2017;96986
20.03.2017;96986
21.03.2017;96986
22.03.2017;96986
23.03.2017;96986
24.03.2017;96986
25.03.2017;96986
26.03.2017;96986
27.03.2017;96986
28.03.2017;96986
29.03.2017;96986
30.03.2017;96986
31.03.2017;96986
01.04.2017;92590
02.04.2017;92590
03.04.2017;92590
04.04.2017;92590
05.04.2017;92590
06.04.2017;92590
07.04.2017;92590
08.04.2017;92590
09.04.2017;92590
10.04.2017;92590
11.04.2017;92590
12.04.2017;92590
13.04.2017;92590
15.04.2017;92590
16.04.2017;92590
17.04.2017;92590
18.04.2017;92590
19.04.2017;92590
20.04.2017;92590
21.04.2017;92590
22.04.2017;92590
23.04.2017;92590
24.04.2017;92590
25.04.2017;92590
26.04.2017;92590
27.04.2017;92590
28.04.2017;92590
29.04.2017;92590
30.04.2017;92590
02.05.2017;89899
03.05.2017;89899
04.05.2017;89899
05.05.2017;89899
06.05.2017;89899
07.05.2017;89899
08.05.2017;89899
09.05.2017;89899
10.05.2017;89899
11.05.2017;89899
12.05.2017;89899
13.05.2017;89899
14.05.2017;89899
15.05.2017;89899
16.05.2017;89899
17.05.2017;89899
18.05.2017;89899
19.05.2017;89899
20.05.2017;89899
21.05.2017;89899
22.05.2017;89899
23.05.2017;89899
24.05.2017;89899
25.05.2017;89899
26.05.2017;89899
27.05.2017;89899
28.05.2017;89899
29.05.2017;89899
30.05.2017;89899
31.05.2017;89899
01.06.2017;89567
02.06.2017;89567
03.06.2017;89567
04.06.2017;89567
05.06.2017;89567
06.06.2017;89567
07.06.2017;89567
08.06.2017;89567
09.06.2017;89567
10.06.2017;89567
11.06.2017;89567
12.06.2017;89567
13.06.2017;89567
14.06.2017;89567
15.06.2017;89567
16.06.2017;89567
17.06.2017;89567
18.06.2017;89567
19.06.2017;89567
20.06.2017;89567
21.06.2017;89567
22.06.2017;89567
23.06.2017;89567
24.06.2017;89567
25.06.2017;89567
26.06.2017;89567
27.06.2017;89567
28.06.2017;89567
29.06.2017;89567
30.06.2017;89567
01.07.2017;90919
02.07.2017;90919
03.07.2017;90919
05.07.2017;90919
06.07.2017;90919
07.07.2017;90919
08.07.2017;90919
09.07.2017;90919
10.07.2017;90919
11.07.2017;90919
12.07.2017;90919
13.07.2017;90919
14.07.2017;90919
15.07.2017;90919
16.07.2017;90919
17.07.2017;90919
18.07.2017;90919
19.07.2017;90919
20.07.2017;90919
21.07.2017;90919
22.07.2017;90919
23.07.2017;90919
24.07.2017;90919
25.07.2017;90919
26.07.2017;90919
27.07.2017;90919
28.07.2017;90919
29.07.2017;90919
30.07.2017;90919
31.07.2017;90919
01.08.2017;93853
02.08.2017;93853
03.08.2017;93853
04.08.2017;93853
05.08.2017;93853
06.08.2017;93853
07.08.2017;93853
08.08.2017;93853
09.08.2017;93853
10.08.2017;93853
11.08.2017;93853
12.08.2017;93853
13.08.2017;93853
14.08.2017;93853
15.08.2017;93853
16.08.2017;93853
17.08.2017;93853
18.08.2017;93853
19.08.2017;93853
20.08.2017;93853
21.08.2017;93853
22.08.2017;93853
23.08.2017;93853
24.08.2017;93853
25.08.2017;93853
26.08.2017;93853
27.08.2017;93853
28.08.2017;93853
29.08.2017;93853
30.08.2017;93853
31.08.2017;93853
01.09.2017;89566
02.09.2017;89566
03.09.2017;89566
04.09.2017;89566
05.09.2017;89566
06.09.2017;89566
07.09.2017;89566
08.09.2017;89566
09.09.2017;89566
10.09.2017;89566
11.09.2017;89566
12.09.2017;89566
13.09.2017;89566
14.09.2017;89566
15.09.2017;89566
16.09.2017;89566
17.09.2017;89566
18.09.2017;89566
19.09.2017;89566
20.09.2017;89566
21.09.2017;89566
22.09.2017;89566
23.09.2017;89566
24.09.2017;89566
25.09.2017;89566
26.09.2017;89566
27.09.2017;89566
28.09.2017;89566
29.09.2017;89566
30.09.2017;89566
01.10.2017;87435
02.10.2017;87435
03.10.2017;87435
04.10.2017;87435
05.10.2017;87435
06.10.2017;87435
07.10.2017;87435
08.10.2017;87435
09.10.2017;87435
10.10.2017;87435
11.10.2017;87435
12.10.2017;87435
13.10.2017;87435
14.10.2017;87435
15.10.2017;87435
16.10.2017;87435
17.10.2017;87435
18.10.2017;87435
19.10.2017;87435
20.10.2017;87435
21.10.2017;87435
22.10.2017;87435
24.10.2017;87435
25.10.2017;87435
26.10.2017;87435
27.10.2017;87435
28.10.2017;87435
29.10.2017;87435
30.10.2017;87435
01.11.2017;87926
02.11.2017;87926
03.11.2017;87926
04.11.2017;87926
05.11.2017;87926
06.11.2017;87926
07.11.2017;87926
08.11.2017;87926
09.11.2017;87926
10.11.2017;87926
11.11.2017;87926
12.11.2017;87926
13.11.2017;87926
14.11.2017;87926
15.11.2017;87926
16.11.2017;87926
17.11.2017;87926
18.11.2017;87926
19.11.2017;87926
20.11.2017;87926
21.11.2017;87926
22.11.2017;87926
23.11.2017;87926
24.11.2017;87926
25.11.2017;87926
26.11.2017;87926
27.11.2017;87926
28.11.2017;87926
29.11.2017;87926
30.11.2017;87926
01.12.2017;89488
02.12.2017;89488
03.12.2017;89488
04.12.2017;89488
05.12.2017;89488
06.12.2017;89488
07.12.2017;89488
08.12.2017;89488
09.12.2017;89488
10.12.2017;89488
11.12.2017;89488
12.12.2017;89488
13.12.2017;89488
14.12.2017;89488
15.12.2017;89488
16.12.2017;89488
17.12.2017;89488
18.12.2017;89488
19.12.2017;89488
20.12.2017;89488
21.12.2017;89488
22.12.2017;89488
23.12.2017;89488
24.12.2017;89488
27.12.2017;89488
28.12.2017;89488
29.12.2017;89488
30.12.2017;89488
31.12.2017;89488
02.01.2018;96221
03.01.2018;96221
04.01.2018;96221
05.01.2018;96221
06.01.2018;96221
07.01.2018;96221
08.01.2018;96221
09.01.2018;96221
10.01.2018;96221
11.01.2018;96221
12.01.2018;96221
13.01.2018;96221
14.01.2018;96221
15.01.2018;96221
16.01.2018;96221
17.01.2018;96221
18.01.2018;96221
19.01.2018;96221
20.01.2018;96221
21.01.2018;96221
22.01.2018;96221
23.01.2018;96221
24.01.2018;96221
25.01.2018;96221
26.01.2018;96221
27.01.2018;96221
28.01.2018;96221
29.01.2018;96221
30.01.2018;96221
31.01.2018;96221
01.02.2018;95164
02.02.2018;95164
03.02.2018;95164
04.02.2018;95164
05.02.2018;95164
06.02.2018;95164
07.02.2018;95164
08.02.2018;95164
09.02.2018;95164
10.02.2018;95164
11.02.2018;95164
12.02.2018;95164
13.02.2018;95164
14.02.2018;95164
15.02.2018;95164
16.02.2018;95164
17.02.2018;95164
18.02.2018;95164
19.02.2018;95164
20.02.2018;95164
21.02.2018;95164
22.02.2018;95164
23.02.2018;95164
24.02.2018;95164
25.02.2018;95164
26.02.2018;95164
27.02.2018;95164
28.02.2018;95164
01.03.2018;91712
02.03.2018;91712
03.03.2018;91712
04.03.2018;91712
05.03.2018;91712
06.03.2018;91712
07.03.2018;91712
08.03.2018;91712
09.03.2018;91712
10.03.2018;91712
11.03.2018;91712
12.03.2018;91712
13.03.2018;91712
14.03.2018;91712
15.03.2018;91712
16.03.2018;91712
17.03.2018;91712
18.03.2018;91712
19.03.2018;91712
20.03.2018;91712
21.03.2018;91712
22.03.2018;91712
23.03.2018;91712
24.03.2018;91712
25.03.2018;91712
26.03.2018;91712
27.03.2018;91712
28.03.2018;91712
29.03.2018;91712
31.03.2018;91712
01.04.2018;87464
02.04.2018;87464
03.04.2018;87464
04.04.2018;87464
05.04.2018;87464
06.04.2018;87464
07.04.2018;87464
08.04.2018;87464
09.04.2018;87464
10.04.2018;87464
11.04.2018;87464
12.04.2018;87464
13.04.2018;87464
14.04.2018;87464
15.04.2018;87464
16.04.2018;87464
17.04.2018;87464
18.04.2018;87464
19.04.2018;87464
20.04.2018;87464
21.04.2018;87464
22.04.2018;87464
23.04.2018;87464
24.04.2018;87464
25.04.2018;87464
26.04.2018;87464
27.04.2018;87464
28.04.2018;87464
29.04.2018;87464
30.04.2018;87464
02.05.2018;83899
03.05.2018;83899
04.05.2018;83899
05.05.2018;83899
06.05.2018;83899
07.05.2018;83899
08.05.2018;83899
09.05.2018;83899
10.05.2018;83899
11.05.2018;83899
12.05.2018;83899
13.05.2018;83899
14.05.2018;83899
15.05.2018;83899
16.05.2018;83899
17.05.2018;83899
18.05.2018;83899
19.05.2018;83899
20.05.2018;83899
22.05.2018;83899
23.05.2018;83899
24.05.2018;83899
25.05.2018;83899
26.05.2018;83899
27.05.2018;83899
28.05.2018;83899
29.05.2018;83899
30.05.2018;83899
31.05.2018;83899
01.06.2018;81638
02.06.2018;81638
03.06.2018;81638
04.06.2018;81638
05.06.2018;81638
06.06.2018;81638
07.06.2018;81638
08.06.2018;81638
09.06.2018;81638
10.06.2018;81638
11.06.2018;81638
12.06.2018;81638
13.06.2018;81638
14.06.2018;81638
15.06.2018;81638
16.06.2018;81638
17.06.2018;81638
18.06.2018;81638
19.06.2018;81638
20.06.2018;81638
21.06.2018;81638
22.06.2018;81638
23.06.2018;81638
24.06.2018;81638
25.06.2018;81638
26.06.2018;81638
27.06.2018;81638
28.06.2018;81638
29.06.2018;81638
30.06.2018;81638
01.07.2018;84445
02.07.2018;84445
03.07.2018;84445
04.07.2018;84445
05.07.2018;84445
06.07.2018;84445
07.07.2018;84445
08.07.2018;84445
09.07.2018;84445
10.07.2018;84445
11.07.2018;84445
12.07.2018;84445
13.07.2018;84445
14.07.2018;84445
15.07.2018;84445
16.07.2018;84445
17.07.2018;84445
18.07.2018;84445
19.07.2018;84445
20.07.2018;84445
21.07.2018;84445
22.07.2018;84445
23.07.2018;84445
24.07.2018;84445
25.07.2018;84445
26.07.2018;84445
27.07.2018;84445
28.07.2018;84445
29.07.2018;84445
30.07.2018;84445
31.07.2018;84445
01.08.2018;84879
02.08.2018;84879
03.08.2018;84879
04.08.2018;84879
05.08.2018;84879
06.08.2018;84879
07.08.2018;84879
08.08.2018;84879
09.08.2018;84879
10.08.2018;84879
11.08.2018;84879
12.08.2018;84879
13.08.2018;84879
14.08.2018;84879
15.08.2018;84879
16.08.2018;84879
17.08.2018;84879
18.08.2018;84879
19.08.2018;84879
20.08.2018;84879
21.08.2018;84879
22.08.2018;84879
23.08.2018;84879
24.08.2018;84879
25.08.2018;84879
26.08.2018;84879
27.08.2018;84879
28.08.2018;84879
29.08.2018;84879
30.08.2018;84879
31.08.2018;84879
01.09.2018;79815
02.09.2018;79815
03.09.2018;79815
04.09.2018;79815
05.09.2018;79815
06.09.2018;79815
07.09.2018;79815
08.09.2018;79815
09.09.2018;79815
10.09.2018;79815
11.09.2018;79815
12.09.2018;79815
13.09.2018;79815
14.09.2018;79815
15.09.2018;79815
16.09.2018;79815
17.09.2018;79815
18.09.2018;79815
19.09.2018;79815
20.09.2018;79815
21.09.2018;79815
22.09.2018;79815
23.09.2018;79815
24.09.2018;79815
25.09.2018;79815
26.09.2018;79815
27.09.2018;79815
28.09.2018;79815
29.09.2018;79815
30.09.2018;79815
01.10.2018;78551
02.10.2018;78551
03.10.2018;78551
04.10.2018;78551
05.10.2018;78551
06.10.2018;78551
07.10.2018;78551
08.10.2018;78551
09.10.2018;78551
10.10.2018;78551
11.10.2018;78551
12.10.2018;78551
13.10.2018;78551
14.10.2018;78551
15.10.2018;78551
16.10.2018;78551
17.10.2018;78551
18.10.2018;78551
19.10.2018;78551
20.10.2018;78551
21.10.2018;78551
22.10.2018;78551
23.10.2018;78551
24.10.2018;78551
25.10.2018;78551
26.10.2018;78551
27.10.2018;78551
28.10.2018;78551
29.10.2018;78551
30.10.2018;78551
01.11.2018;77707
02.11.2018;77707
03.11.2018;77707
04.11.2018;77707
05.11.2018;77707
06.11.2018;77707
07.11.2018;77707
08.11.2018;77707
09.11.2018;77707
10.11.2018;77707
11.11.2018;77707
12.11.2018;77707
13.11.2018;77707
14.11.2018;77707
15.11.2018;77707
16.11.2018;77707
17.11.2018;77707
18.11.2018;77707
19.11.2018;77707
20.11.2018;77707
21.11.2018;77707
22.11.2018;77707
23.11.2018;77707
24.11.2018;77707
25.11.2018;77707
26.11.2018;77707
27.11.2018;77707
28.11.2018;77707
29.11.2018;77707
30.11.2018;77707
01.12.2018;79139
02.12.2018;79139
03.12.2018;79139
04.12.2018;79139
05.12.2018;79139
06.12.2018;79139
07.12.2018;79139
08.12.2018;79139
09.12.2018;79139
10.12.2018;79139
11.12.2018;79139
12.12.2018;79139
13.12.2018;79139
14.12.2018;79139
15.12.2018;79139
16.12.2018;79139
17.12.2018;79139
18.12.2018;79139
19.12.2018;79139
20.12.2018;79139
21.12.2018;79139
22.12.2018;79139
23.12.2018;79139
24.12.2018;79139
27.12.2018;79139
28.12.2018;79139
29.12.2018;79139
30.12.2018;79139
31.12.2018;79139
02.01.2019;86725
03.01.2019;86725
04.01.2019;86725
05.01.2019;86725
06.01.2019;86725
07.01.2019;86725
08.01.2019;86725
09.01.2019;86725
10.01.2019;86725
11.01.2019;86725
12.01.2019;86725
13.01.2019;86725
14.01.2019;86725
15.01.2019;86725
16.01.2019;86725
17.01.2019;86725
18.01.2019;86725
19.01.2019;86725
20.01.2019;86725
21.01.2019;86725
22.01.2019;86725
23.01.2019;86725
24.01.2019;86725
25.01.2019;86725
26.01.2019;86725
27.01.2019;86725
28.01.2019;86725
29.01.2019;86725
30.01.2019;86725
31.01.2019;86725
01.02.2019;85141
02.02.2019;85141
03.02.2019;85141
04.02.2019;85141
05.02.2019;85141
06.02.2019;85141
07.02.2019;85141
08.02.2019;85141
09.02.2019;85141
10.02.2019;85141
11.02.2019;85141
12.02.2019;85141
13.02.2019;85141
14.02.2019;85141
15.02.2019;85141
16.02.2019;85141
17.02.2019;85141
18.02.2019;85141
19.02.2019;85141
20.02.2019;85141
21.02.2019;85141
22.02.2019;85141
23.02.2019;85141
24.02.2019;85141
25.02.2019;85141
26.02.2019;85141
27.02.2019;85141
28.02.2019;85141
01.03.2019;82189
02.03.2019;82189
03.03.2019;82189
04.03.2019;82189
05.03.2019;82189
06.03.2019;82189
07.03.2019;82189
08.03.2019;82189
09.03.2019;82189
10.03.2019;82189
11.03.2019;82189
12.03.2019;82189
13.03.2019;82189
14.03.2019;82189
15.03.2019;82189
16.03.2019;82189
17.03.2019;82189
18.03.2019;82189
19.03.2019;82189
21.03.2019;82189
22.03.2019;82189
23.03.2019;82189
24.03.2019;82189
25.03.2019;82189
26.03.2019;82189
27.03.2019;82189
28.03.2019;82189
29.03.2019;82189
30.03.2019;82189
31.03.2019;82189
01.04.2019;78658
02.04.2019;78658
04.04.2019;78658
05.04.2019;78658
06.04.2019;78658
07.04.2019;78658
08.04.2019;78658
09.04.2019;78658
10.04.2019;78658
11.04.2019;78658
12.04.2019;78658
13.04.2019;78658
14.04.2019;78658
15.04.2019;78658
16.04.2019;78658
17.04.2019;78658
18.04.2019;78658
20.04.2019;78658
21.04.2019;78658
22.04.2019;78658
23.04.2019;78658
24.04.2019;78658
25.04.2019;78658
26.04.2019;78658
27.04.2019;78658
28.04.2019;78658
29.04.2019;78658
30.04.2019;78658
02.05.2019;78496
03.05.2019;78496
04.05.2019;78496
05.05.2019;78496
06.05.2019;78496
07.05.2019;78496
08.05.2019;78496
09.05.2019;78496
10.05.2019;78496
11.05.2019;78496
12.05.2019;78496
13.05.2019;78496
14.05.2019;78496
15.05.2019;78496
16.05.2019;78496
17.05.2019;78496
18.05.2019;78496
19.05.2019;78496
20.05.2019;78496
21.05.2019;78496
22.05.2019;78496
23.05.2019;78496
24.05.2019;78496
25.05.2019;78496
26.05.2019;78496
27.05.2019;78496
28.05.2019;78496
29.05.2019;78496
30.05.2019;78496
31.05.2019;78496
