Datum;Monats_Durchschnittstemperatur;Tagestemperatur;Differenz_Monat;Ueber_Monats_Durch;Unter_Monats_Durch
01.07.2013;16,3;17,84;1,54;1;0
02.07.2013;16,3;17,31;1,01;1;0
03.07.2013;16,3;21,08;4,78;1;0
04.07.2013;16,3;18,85;2,55;1;0
05.07.2013;16,3;19,98;3,68;1;0
06.07.2013;16,3;18,96;2,66;1;0
07.07.2013;16,3;21,38;5,08;1;0
08.07.2013;16,3;22,73;6,43;1;0
09.07.2013;16,3;23,28;6,98;1;0
10.07.2013;16,3;19,69;3,39;1;0
11.07.2013;16,3;21,38;5,08;1;0
12.07.2013;16,3;20,29;3,99;1;0
13.07.2013;16,3;20,13;3,83;1;0
14.07.2013;16,3;17,69;1,39;1;0
15.07.2013;16,3;18,74;2,44;1;0
16.07.2013;16,3;21,19;4,89;1;0
17.07.2013;16,3;22,51;6,21;1;0
18.07.2013;16,3;23,25;6,95;1;0
19.07.2013;16,3;22,48;6,18;1;0
20.07.2013;16,3;23,19;6,89;1;0
21.07.2013;16,3;26,38;10,08;1;0
22.07.2013;16,3;26,1;9,8;1;0
23.07.2013;16,3;24,95;8,65;1;0
24.07.2013;16,3;24,08;7,78;1;0
25.07.2013;16,3;23,09;6,79;1;0
26.07.2013;16,3;27,26;10,96;1;0
27.07.2013;16,3;26,16;9,86;1;0
28.07.2013;16,3;24,89;8,59;1;0
29.07.2013;16,3;22,79;6,49;1;0
30.07.2013;16,3;21,08;4,78;1;0
31.07.2013;16,3;20,28;3,98;1;0
01.08.2013;15,6;23,4;7,8;1;0
02.08.2013;15,6;31,44;15,84;1;0
03.08.2013;15,6;23,36;7,76;1;0
04.08.2013;15,6;23,05;7,45;1;0
05.08.2013;15,6;25,8;10,2;1;0
06.08.2013;15,6;22,23;6,63;1;0
07.08.2013;15,6;19,21;3,61;1;0
08.08.2013;15,6;16,98;1,38;1;0
09.08.2013;15,6;20,34;4,74;1;0
10.08.2013;15,6;19,36;3,76;1;0
11.08.2013;15,6;16,39;0,79;1;0
12.08.2013;15,6;16,45;0,85;1;0
13.08.2013;15,6;16,4;0,8;1;0
14.08.2013;15,6;18,26;2,66;1;0
15.08.2013;15,6;19,8;4,2;1;0
16.08.2013;15,6;23,58;7,98;1;0
17.08.2013;15,6;20,55;4,95;1;0
18.08.2013;15,6;18,59;2,99;1;0
19.08.2013;15,6;18,49;2,89;1;0
20.08.2013;15,6;17,78;2,18;1;0
21.08.2013;15,6;20,13;4,53;1;0
22.08.2013;15,6;21,66;6,06;1;0
23.08.2013;15,6;22,04;6,44;1;0
24.08.2013;15,6;20,85;5,25;1;0
25.08.2013;15,6;21,39;5,79;1;0
26.08.2013;15,6;20,13;4,53;1;0
27.08.2013;15,6;21,09;5,49;1;0
28.08.2013;15,6;21,3;5,7;1;0
29.08.2013;15,6;20,21;4,61;1;0
30.08.2013;15,6;19,79;4,19;1;0
31.08.2013;15,6;18,35;2,75;1;0
01.09.2013;13;15,86;2,86;1;0
02.09.2013;13;16,58;3,58;1;0
03.09.2013;13;18,23;5,23;1;0
04.09.2013;13;18,13;5,13;1;0
05.09.2013;13;21,7;8,7;1;0
06.09.2013;13;24,7;11,7;1;0
07.09.2013;13;22,76;9,76;1;0
08.09.2013;13;20,16;7,16;1;0
09.09.2013;13;11,58;-1,43;0;1
10.09.2013;13;13,59;0,59;1;0
11.09.2013;13;13,9;0,9;1;0
12.09.2013;13;16,11;3,11;1;0
13.09.2013;13;17,44;4,44;1;0
14.09.2013;13;17,63;4,63;1;0
15.09.2013;13;14,86;1,86;1;0
16.09.2013;13;13,14;0,14;1;0
17.09.2013;13;13,14;0,14;1;0
18.09.2013;13;13,05;0,05;1;0
19.09.2013;13;14,84;1,84;1;0
20.09.2013;13;13,53;0,53;1;0
21.09.2013;13;15,35;2,35;1;0
22.09.2013;13;17,14;4,14;1;0
23.09.2013;13;17,31;4,31;1;0
24.09.2013;13;15,74;2,74;1;0
25.09.2013;13;13,54;0,54;1;0
26.09.2013;13;12,99;-0,01;0;1
27.09.2013;13;13,01;0,01;1;0
28.09.2013;13;13,1;0,1;1;0
29.09.2013;13;14,18;1,18;1;0
30.09.2013;13;12,83;-0,18;0;1
01.10.2013;9,1;12,91;3,81;1;0
02.10.2013;9,1;12,7;3,6;1;0
03.10.2013;9,1;11,76;2,66;1;0
04.10.2013;9,1;11,2;2,1;1;0
05.10.2013;9,1;15,58;6,48;1;0
06.10.2013;9,1;15,25;6,15;1;0
07.10.2013;9,1;16,28;7,18;1;0
08.10.2013;9,1;15,11;6,01;1;0
09.10.2013;9,1;14,31;5,21;1;0
10.10.2013;9,1;10,98;1,88;1;0
11.10.2013;9,1;13,86;4,76;1;0
12.10.2013;9,1;13,03;3,93;1;0
13.10.2013;9,1;10,86;1,76;1;0
14.10.2013;9,1;12,53;3,43;1;0
15.10.2013;9,1;10,66;1,56;1;0
16.10.2013;9,1;12,28;3,18;1;0
17.10.2013;9,1;12;2,9;1;0
18.10.2013;9,1;9,08;-0,03;0;1
19.10.2013;9,1;9,45;0,35;1;0
20.10.2013;9,1;15,19;6,09;1;0
21.10.2013;9,1;14,26;5,16;1;0
22.10.2013;9,1;17,64;8,54;1;0
23.10.2013;9,1;17,68;8,58;1;0
24.10.2013;9,1;12,69;3,59;1;0
25.10.2013;9,1;11,89;2,79;1;0
26.10.2013;9,1;16,78;7,68;1;0
27.10.2013;9,1;14,99;5,89;1;0
28.10.2013;9,1;14,36;5,26;1;0
29.10.2013;9,1;10,78;1,68;1;0
30.10.2013;9,1;10,44;1,34;1;0
31.10.2013;9,1;11,16;2,06;1;0
01.11.2013;4,4;10,63;6,23;1;0
02.11.2013;4,4;8,89;4,49;1;0
03.11.2013;4,4;10,7;6,3;1;0
04.11.2013;4,4;6,84;2,44;1;0
05.11.2013;4,4;8,9;4,5;1;0
06.11.2013;4,4;8,14;3,74;1;0
07.11.2013;4,4;9,5;5,1;1;0
08.11.2013;4,4;9,33;4,93;1;0
09.11.2013;4,4;7,7;3,3;1;0
10.11.2013;4,4;6,99;2,59;1;0
11.11.2013;4,4;8,31;3,91;1;0
12.11.2013;4,4;5,94;1,54;1;0
13.11.2013;4,4;8,8;4,4;1;0
14.11.2013;4,4;6,94;2,54;1;0
15.11.2013;4,4;6,45;2,05;1;0
16.11.2013;4,4;8,88;4,48;1;0
17.11.2013;4,4;8,89;4,49;1;0
18.11.2013;4,4;6,65;2,25;1;0
19.11.2013;4,4;5,84;1,44;1;0
20.11.2013;4,4;3,85;-0,55;0;1
21.11.2013;4,4;3,28;-1,13;0;1
22.11.2013;4,4;5,38;0,98;1;0
23.11.2013;4,4;4,91;0,51;1;0
24.11.2013;4,4;4,6;0,2;1;0
25.11.2013;4,4;3,7;-0,7;0;1
26.11.2013;4,4;2,31;-2,09;0;1
27.11.2013;4,4;7,31;2,91;1;0
28.11.2013;4,4;8,03;3,63;1;0
29.11.2013;4,4;5,99;1,59;1;0
30.11.2013;4,4;5,53;1,13;1;0
01.12.2013;1,6;8,66;7,06;1;0
02.12.2013;1,6;3,06;1,46;1;0
03.12.2013;1,6;1,71;0,11;1;0
04.12.2013;1,6;5,85;4,25;1;0
05.12.2013;1,6;4,46;2,86;1;0
06.12.2013;1,6;1,79;0,19;1;0
07.12.2013;1,6;1;-0,6;0;1
08.12.2013;1,6;6,98;5,38;1;0
09.12.2013;1,6;9,24;7,64;1;0
10.12.2013;1,6;7,19;5,59;1;0
11.12.2013;1,6;5,03;3,43;1;0
12.12.2013;1,6;2,53;0,93;1;0
13.12.2013;1,6;3,54;1,94;1;0
14.12.2013;1,6;3,01;1,41;1;0
15.12.2013;1,6;7,93;6,33;1;0
16.12.2013;1,6;8,78;7,18;1;0
17.12.2013;1,6;4,95;3,35;1;0
18.12.2013;1,6;6,85;5,25;1;0
19.12.2013;1,6;7,4;5,8;1;0
20.12.2013;1,6;5,29;3,69;1;0
21.12.2013;1,6;6,56;4,96;1;0
22.12.2013;1,6;8,14;6,54;1;0
23.12.2013;1,6;5,49;3,89;1;0
24.12.2013;1,6;11,44;9,84;1;0
27.12.2013;1,6;8,56;6,96;1;0
29.12.2013;1,6;3,78;2,18;1;0
30.12.2013;1,6;5,76;4,16;1;0
31.12.2013;1,6;7,06;5,46;1;0
02.01.2014;0,3;5,71;5,41;1;0
03.01.2014;0,3;4,75;4,45;1;0
04.01.2014;0,3;5,04;4,74;1;0
05.01.2014;0,3;4,51;4,21;1;0
06.01.2014;0,3;6,25;5,95;1;0
07.01.2014;0,3;6,84;6,54;1;0
08.01.2014;0,3;6,94;6,64;1;0
09.01.2014;0,3;6,19;5,89;1;0
10.01.2014;0,3;7,91;7,61;1;0
11.01.2014;0,3;10,44;10,14;1;0
12.01.2014;0,3;8,64;8,34;1;0
13.01.2014;0,3;9,61;9,31;1;0
14.01.2014;0,3;6,64;6,34;1;0
15.01.2014;0,3;5,59;5,29;1;0
16.01.2014;0,3;5,53;5,23;1;0
17.01.2014;0,3;3,14;2,84;1;0
18.01.2014;0,3;4,23;3,93;1;0
19.01.2014;0,3;3,23;2,93;1;0
20.01.2014;0,3;2,74;2,44;1;0
21.01.2014;0,3;6,74;6,44;1;0
22.01.2014;0,3;5,89;5,59;1;0
23.01.2014;0,3;2,86;2,56;1;0
24.01.2014;0,3;0,39;0,09;1;0
25.01.2014;0,3;-0,65;-0,95;0;1
26.01.2014;0,3;-3,11;-3,41;0;1
27.01.2014;0,3;-3,19;-3,49;0;1
28.01.2014;0,3;-5,16;-5,46;0;1
29.01.2014;0,3;-7,04;-7,34;0;1
30.01.2014;0,3;-8,48;-8,78;0;1
31.01.2014;0,3;0,7;0,4;1;0
01.02.2014;0,3;-0,26;-0,56;0;1
02.02.2014;0,3;-5,05;-5,35;0;1
03.02.2014;0,3;-4,49;-4,79;0;1
04.02.2014;0,3;-3,69;-3,99;0;1
05.02.2014;0,3;3,23;2,93;1;0
06.02.2014;0,3;5,49;5,19;1;0
07.02.2014;0,3;3,48;3,18;1;0
08.02.2014;0,3;3,93;3,63;1;0
09.02.2014;0,3;3,68;3,38;1;0
10.02.2014;0,3;7,88;7,58;1;0
11.02.2014;0,3;8,48;8,18;1;0
12.02.2014;0,3;6,29;5,99;1;0
13.02.2014;0,3;6,71;6,41;1;0
14.02.2014;0,3;6,64;6,34;1;0
15.02.2014;0,3;4,93;4,63;1;0
16.02.2014;0,3;6,1;5,8;1;0
17.02.2014;0,3;7,45;7,15;1;0
18.02.2014;0,3;5,21;4,91;1;0
19.02.2014;0,3;11,5;11,2;1;0
20.02.2014;0,3;6,06;5,76;1;0
21.02.2014;0,3;6,69;6,39;1;0
22.02.2014;0,3;7,8;7,5;1;0
23.02.2014;0,3;6,33;6,03;1;0
24.02.2014;0,3;9,1;8,8;1;0
25.02.2014;0,3;7,51;7,21;1;0
26.02.2014;0,3;5,93;5,63;1;0
27.02.2014;0,3;8,63;8,33;1;0
28.02.2014;0,3;9,41;9,11;1;0
01.03.2014;2,6;10,48;7,88;1;0
02.03.2014;2,6;10,19;7,59;1;0
03.03.2014;2,6;8,89;6,29;1;0
04.03.2014;2,6;6,19;3,59;1;0
05.03.2014;2,6;5,08;2,48;1;0
06.03.2014;2,6;6,56;3,96;1;0
07.03.2014;2,6;9,19;6,59;1;0
08.03.2014;2,6;6,69;4,09;1;0
09.03.2014;2,6;4,69;2,09;1;0
10.03.2014;2,6;8,93;6,33;1;0
11.03.2014;2,6;11,28;8,68;1;0
12.03.2014;2,6;9,94;7,34;1;0
13.03.2014;2,6;16,4;13,8;1;0
14.03.2014;2,6;15,8;13,2;1;0
15.03.2014;2,6;7,85;5,25;1;0
16.03.2014;2,6;10,21;7,61;1;0
17.03.2014;2,6;13,38;10,78;1;0
18.03.2014;2,6;9,61;7,01;1;0
19.03.2014;2,6;9,04;6,44;1;0
20.03.2014;2,6;9,34;6,74;1;0
21.03.2014;2,6;9,59;6,99;1;0
22.03.2014;2,6;9,69;7,09;1;0
23.03.2014;2,6;9,45;6,85;1;0
24.03.2014;2,6;16,26;13,66;1;0
25.03.2014;2,6;6,89;4,29;1;0
26.03.2014;2,6;8,85;6,25;1;0
27.03.2014;2,6;8,36;5,76;1;0
28.03.2014;2,6;7,56;4,96;1;0
29.03.2014;2,6;7,73;5,13;1;0
30.03.2014;2,6;7,85;5,25;1;0
31.03.2014;2,6;5,1;2,5;1;0
01.04.2014;6,5;5,4;-1,1;0;1
02.04.2014;6,5;9,38;2,88;1;0
03.04.2014;6,5;11,26;4,76;1;0
04.04.2014;6,5;7,44;0,94;1;0
05.04.2014;6,5;5,76;-0,74;0;1
06.04.2014;6,5;12,45;5,95;1;0
07.04.2014;6,5;7,61;1,11;1;0
08.04.2014;6,5;6,45;-0,05;0;1
09.04.2014;6,5;9,83;3,33;1;0
10.04.2014;6,5;12,19;5,69;1;0
11.04.2014;6,5;15,79;9,29;1;0
12.04.2014;6,5;9,81;3,31;1;0
13.04.2014;6,5;10,19;3,69;1;0
14.04.2014;6,5;9,75;3,25;1;0
15.04.2014;6,5;12,06;5,56;1;0
16.04.2014;6,5;11,2;4,7;1;0
17.04.2014;6,5;11,01;4,51;1;0
19.04.2014;6,5;8,9;2,4;1;0
20.04.2014;6,5;9,91;3,41;1;0
21.04.2014;6,5;11,36;4,86;1;0
22.04.2014;6,5;14,4;7,9;1;0
23.04.2014;6,5;8,24;1,74;1;0
24.04.2014;6,5;11,13;4,63;1;0
25.04.2014;6,5;13,88;7,38;1;0
26.04.2014;6,5;13,43;6,93;1;0
27.04.2014;6,5;15,45;8,95;1;0
28.04.2014;6,5;9,83;3,33;1;0
29.04.2014;6,5;9,18;2,68;1;0
30.04.2014;6,5;13,56;7,06;1;0
02.05.2014;11,1;15,45;4,35;1;0
05.05.2014;11,1;16,23;5,13;1;0
06.05.2014;11,1;15,89;4,79;1;0
07.05.2014;11,1;18,09;6,99;1;0
08.05.2014;11,1;18;6,9;1;0
09.05.2014;11,1;10,49;-0,61;0;1
10.05.2014;11,1;10,23;-0,88;0;1
11.05.2014;11,1;11,86;0,76;1;0
12.05.2014;11,1;9,6;-1,5;0;1
13.05.2014;11,1;10,71;-0,39;0;1
14.05.2014;11,1;15,78;4,68;1;0
15.05.2014;11,1;14,21;3,11;1;0
16.05.2014;11,1;12,45;1,35;1;0
17.05.2014;11,1;12,39;1,29;1;0
18.05.2014;11,1;13,28;2,18;1;0
19.05.2014;11,1;11,56;0,46;1;0
20.05.2014;11,1;12,7;1,6;1;0
21.05.2014;11,1;11,56;0,46;1;0
22.05.2014;11,1;11,56;0,46;1;0
23.05.2014;11,1;13,79;2,69;1;0
24.05.2014;11,1;13,89;2,79;1;0
25.05.2014;11,1;16,63;5,53;1;0
26.05.2014;11,1;16,51;5,41;1;0
27.05.2014;11,1;13,76;2,66;1;0
28.05.2014;11,1;20,73;9,63;1;0
29.05.2014;11,1;26,86;15,76;1;0
30.05.2014;11,1;26,38;15,28;1;0
31.05.2014;11,1;18,01;6,91;1;0
01.06.2014;14,6;17,96;3,36;1;0
02.06.2014;14,6;20,46;5,86;1;0
03.06.2014;14,6;19,96;5,36;1;0
04.06.2014;14,6;12,89;-1,71;0;1
05.06.2014;14,6;10,2;-4,4;0;1
06.06.2014;14,6;12,7;-1,9;0;1
07.06.2014;14,6;17,96;3,36;1;0
08.06.2014;14,6;15,91;1,31;1;0
09.06.2014;14,6;13,83;-0,78;0;1
10.06.2014;14,6;17,63;3,03;1;0
11.06.2014;14,6;20;5,4;1;0
12.06.2014;14,6;21,49;6,89;1;0
13.06.2014;14,6;15,04;0,44;1;0
14.06.2014;14,6;19,31;4,71;1;0
15.06.2014;14,6;17,96;3,36;1;0
16.06.2014;14,6;22,1;7,5;1;0
17.06.2014;14,6;20,66;6,06;1;0
18.06.2014;14,6;25,79;11,19;1;0
19.06.2014;14,6;20,5;5,9;1;0
20.06.2014;14,6;19,55;4,95;1;0
21.06.2014;14,6;17,45;2,85;1;0
22.06.2014;14,6;18,91;4,31;1;0
23.06.2014;14,6;19,28;4,68;1;0
24.06.2014;14,6;18,31;3,71;1;0
25.06.2014;14,6;20,38;5,78;1;0
26.06.2014;14,6;19,3;4,7;1;0
27.06.2014;14,6;15,29;0,69;1;0
28.06.2014;14,6;15,99;1,39;1;0
29.06.2014;14,6;15,51;0,91;1;0
30.06.2014;14,6;15,7;1,1;1;0
01.07.2014;16,3;16,5;0,2;1;0
02.07.2014;16,3;14,36;-1,94;0;1
03.07.2014;16,3;18,44;2,14;1;0
04.07.2014;16,3;17,58;1,28;1;0
05.07.2014;16,3;20,16;3,86;1;0
06.07.2014;16,3;16,96;0,66;1;0
07.07.2014;16,3;17,31;1,01;1;0
08.07.2014;16,3;18,34;2,04;1;0
09.07.2014;16,3;15,69;-0,61;0;1
10.07.2014;16,3;17,11;0,81;1;0
11.07.2014;16,3;20,4;4,1;1;0
12.07.2014;16,3;26,94;10,64;1;0
13.07.2014;16,3;24,59;8,29;1;0
14.07.2014;16,3;25,24;8,94;1;0
15.07.2014;16,3;20,8;4,5;1;0
16.07.2014;16,3;19,6;3,3;1;0
17.07.2014;16,3;24,65;8,35;1;0
18.07.2014;16,3;24,76;8,46;1;0
19.07.2014;16,3;22,94;6,64;1;0
20.07.2014;16,3;20,38;4,08;1;0
21.07.2014;16,3;18,6;2,3;1;0
22.07.2014;16,3;19,45;3,15;1;0
23.07.2014;16,3;22,26;5,96;1;0
24.07.2014;16,3;19,41;3,11;1;0
25.07.2014;16,3;22,76;6,46;1;0
26.07.2014;16,3;26,05;9,75;1;0
27.07.2014;16,3;28,06;11,76;1;0
28.07.2014;16,3;24,31;8,01;1;0
29.07.2014;16,3;23,49;7,19;1;0
30.07.2014;16,3;24,99;8,69;1;0
31.07.2014;16,3;25;8,7;1;0
01.08.2014;15,6;24,84;9,24;1;0
02.08.2014;15,6;26,33;10,73;1;0
03.08.2014;15,6;22,38;6,78;1;0
04.08.2014;15,6;25,55;9,95;1;0
05.08.2014;15,6;24,76;9,16;1;0
06.08.2014;15,6;25,35;9,75;1;0
07.08.2014;15,6;22,93;7,33;1;0
08.08.2014;15,6;22,44;6,84;1;0
09.08.2014;15,6;26,73;11,13;1;0
10.08.2014;15,6;26,09;10,49;1;0
11.08.2014;15,6;23,09;7,49;1;0
12.08.2014;15,6;22,51;6,91;1;0
13.08.2014;15,6;23,09;7,49;1;0
14.08.2014;15,6;22,83;7,23;1;0
15.08.2014;15,6;20,31;4,71;1;0
16.08.2014;15,6;22,73;7,13;1;0
18.08.2014;15,6;20,1;4,5;1;0
19.08.2014;15,6;23,1;7,5;1;0
20.08.2014;15,6;20,08;4,48;1;0
21.08.2014;15,6;16,91;1,31;1;0
22.08.2014;15,6;20,94;5,34;1;0
23.08.2014;15,6;18,05;2,45;1;0
24.08.2014;15,6;18,36;2,76;1;0
25.08.2014;15,6;17,2;1,6;1;0
26.08.2014;15,6;15,65;0,05;1;0
27.08.2014;15,6;15,2;-0,4;0;1
28.08.2014;15,6;14,09;-1,51;0;1
29.08.2014;15,6;15,68;0,08;1;0
30.08.2014;15,6;16,26;0,66;1;0
31.08.2014;15,6;16,33;0,73;1;0
01.09.2014;13;15,99;2,99;1;0
02.09.2014;13;16,31;3,31;1;0
03.09.2014;13;14,79;1,79;1;0
04.09.2014;13;17,33;4,33;1;0
05.09.2014;13;19,88;6,88;1;0
06.09.2014;13;19,75;6,75;1;0
07.09.2014;13;19,13;6,13;1;0
08.09.2014;13;17,75;4,75;1;0
09.09.2014;13;16,38;3,38;1;0
10.09.2014;13;17,88;4,88;1;0
11.09.2014;13;18,38;5,38;1;0
12.09.2014;13;18,75;5,75;1;0
13.09.2014;13;20;7;1;0
14.09.2014;13;21,38;8,38;1;0
15.09.2014;13;24;11;1;0
16.09.2014;13;20;7;1;0
17.09.2014;13;17,38;4,38;1;0
18.09.2014;13;17,13;4,13;1;0
19.09.2014;13;18,63;5,63;1;0
20.09.2014;13;17,38;4,38;1;0
21.09.2014;13;18,25;5,25;1;0
22.09.2014;13;17;4;1;0
23.09.2014;13;17,63;4,63;1;0
24.09.2014;13;19,75;6,75;1;0
25.09.2014;13;20,13;7,13;1;0
26.09.2014;13;19,88;6,88;1;0
27.09.2014;13;20,5;7,5;1;0
28.09.2014;13;20,75;7,75;1;0
29.09.2014;13;19,38;6,38;1;0
30.09.2014;13;17;4;1;0
01.10.2014;9,1;13;3,9;1;0
02.10.2014;9,1;14,75;5,65;1;0
03.10.2014;9,1;15,38;6,28;1;0
04.10.2014;9,1;14,5;5,4;1;0
05.10.2014;9,1;16,75;7,65;1;0
06.10.2014;9,1;16,38;7,28;1;0
07.10.2014;9,1;18,5;9,4;1;0
08.10.2014;9,1;18,13;9,03;1;0
09.10.2014;9,1;16,5;7,4;1;0
10.10.2014;9,1;17,75;8,65;1;0
11.10.2014;9,1;18;8,9;1;0
12.10.2014;9,1;20;10,9;1;0
13.10.2014;9,1;18,5;9,4;1;0
14.10.2014;9,1;16,25;7,15;1;0
15.10.2014;9,1;15,75;6,65;1;0
16.10.2014;9,1;13;3,9;1;0
17.10.2014;9,1;14,13;5,03;1;0
18.10.2014;9,1;17,88;8,78;1;0
19.10.2014;9,1;16,38;7,28;1;0
20.10.2014;9,1;17;7,9;1;0
21.10.2014;9,1;15,13;6,03;1;0
22.10.2014;9,1;12,63;3,53;1;0
23.10.2014;9,1;14;4,9;1;0
24.10.2014;9,1;13,88;4,78;1;0
25.10.2014;9,1;13,5;4,4;1;0
26.10.2014;9,1;14,38;5,28;1;0
27.10.2014;9,1;15,25;6,15;1;0
28.10.2014;9,1;17,38;8,28;1;0
29.10.2014;9,1;14,63;5,53;1;0
30.10.2014;9,1;12,5;3,4;1;0
31.10.2014;9,1;13;3,9;1;0
01.11.2014;4,4;13,13;8,73;1;0
02.11.2014;4,4;13,5;9,1;1;0
03.11.2014;4,4;12,13;7,73;1;0
04.11.2014;4,4;12,75;8,35;1;0
05.11.2014;4,4;14,5;10,1;1;0
06.11.2014;4,4;13,88;9,48;1;0
07.11.2014;4,4;8,38;3,98;1;0
08.11.2014;4,4;10,63;6,23;1;0
09.11.2014;4,4;12,88;8,48;1;0
10.11.2014;4,4;16,5;12,1;1;0
11.11.2014;4,4;15,38;10,98;1;0
12.11.2014;4,4;13,75;9,35;1;0
13.11.2014;4,4;11,63;7,23;1;0
14.11.2014;4,4;9,5;5,1;1;0
15.11.2014;4,4;8,88;4,48;1;0
16.11.2014;4,4;8,63;4,23;1;0
17.11.2014;4,4;10,25;5,85;1;0
18.11.2014;4,4;10,63;6,23;1;0
19.11.2014;4,4;8,75;4,35;1;0
20.11.2014;4,4;8,63;4,23;1;0
21.11.2014;4,4;9,75;5,35;1;0
22.11.2014;4,4;10,75;6,35;1;0
23.11.2014;4,4;10,75;6,35;1;0
24.11.2014;4,4;9,25;4,85;1;0
25.11.2014;4,4;8;3,6;1;0
26.11.2014;4,4;9,63;5,23;1;0
27.11.2014;4,4;8,88;4,48;1;0
28.11.2014;4,4;8,5;4,1;1;0
29.11.2014;4,4;6,13;1,73;1;0
30.11.2014;4,4;6,5;2,1;1;0
01.12.2014;1,6;5,75;4,15;1;0
02.12.2014;1,6;6,75;5,15;1;0
03.12.2014;1,6;9,38;7,78;1;0
04.12.2014;1,6;6,88;5,28;1;0
05.12.2014;1,6;5,63;4,03;1;0
06.12.2014;1,6;4,5;2,9;1;0
07.12.2014;1,6;1,63;0,03;1;0
08.12.2014;1,6;1;-0,6;0;1
09.12.2014;1,6;0;-1,6;0;1
10.12.2014;1,6;-2;-3,6;0;1
11.12.2014;1,6;-3;-4,6;0;1
12.12.2014;1,6;0,63;-0,98;0;1
13.12.2014;1,6;3,75;2,15;1;0
14.12.2014;1,6;2;0,4;1;0
15.12.2014;1,6;5,75;4,15;1;0
16.12.2014;1,6;4,88;3,28;1;0
17.12.2014;1,6;3,25;1,65;1;0
18.12.2014;1,6;2,13;0,53;1;0
19.12.2014;1,6;4,88;3,28;1;0
20.12.2014;1,6;4;2,4;1;0
21.12.2014;1,6;7,25;5,65;1;0
22.12.2014;1,6;4,75;3,15;1;0
23.12.2014;1,6;3,5;1,9;1;0
24.12.2014;1,6;4,75;3,15;1;0
27.12.2014;1,6;4,63;3,03;1;0
28.12.2014;1,6;3,63;2,03;1;0
29.12.2014;1,6;10;8,4;1;0
30.12.2014;1,6;8,13;6,53;1;0
31.12.2014;1,6;5,38;3,78;1;0
02.01.2015;0,3;6,63;6,33;1;0
03.01.2015;0,3;9,75;9,45;1;0
04.01.2015;0,3;9,13;8,83;1;0
05.01.2015;0,3;7,75;7,45;1;0
06.01.2015;0,3;3,13;2,83;1;0
07.01.2015;0,3;0;-0,3;0;1
08.01.2015;0,3;-0,25;-0,55;0;1
09.01.2015;0,3;-0,5;-0,8;0;1
10.01.2015;0,3;0,75;0,45;1;0
11.01.2015;0,3;5,25;4,95;1;0
12.01.2015;0,3;7,38;7,08;1;0
13.01.2015;0,3;4,13;3,83;1;0
14.01.2015;0,3;7,75;7,45;1;0
15.01.2015;0,3;4,88;4,58;1;0
16.01.2015;0,3;4,75;4,45;1;0
17.01.2015;0,3;5,88;5,58;1;0
18.01.2015;0,3;3,63;3,33;1;0
19.01.2015;0,3;5,75;5,45;1;0
20.01.2015;0,3;6,38;6,08;1;0
21.01.2015;0,3;7,5;7,2;1;0
22.01.2015;0,3;10;9,7;1;0
23.01.2015;0,3;4,25;3,95;1;0
24.01.2015;0,3;7,5;7,2;1;0
25.01.2015;0,3;7,75;7,45;1;0
26.01.2015;0,3;3,13;2,83;1;0
27.01.2015;0,3;6,75;6,45;1;0
28.01.2015;0,3;6,75;6,45;1;0
29.01.2015;0,3;4,25;3,95;1;0
30.01.2015;0,3;2;1,7;1;0
31.01.2015;0,3;1;0,7;1;0
01.02.2015;0,3;-0,38;-0,68;0;1
02.02.2015;0,3;-1,13;-1,43;0;1
03.02.2015;0,3;-1,38;-1,68;0;1
04.02.2015;0,3;-1,25;-1,55;0;1
05.02.2015;0,3;-0,5;-0,8;0;1
06.02.2015;0,3;2,88;2,58;1;0
07.02.2015;0,3;3,38;3,08;1;0
08.02.2015;0,3;4,88;4,58;1;0
09.02.2015;0,3;4,88;4,58;1;0
10.02.2015;0,3;1,5;1,2;1;0
11.02.2015;0,3;1,13;0,83;1;0
12.02.2015;0,3;-2,38;-2,68;0;1
13.02.2015;0,3;-0,25;-0,55;0;1
14.02.2015;0,3;1;0,7;1;0
15.02.2015;0,3;-1;-1,3;0;1
16.02.2015;0,3;-1,88;-2,18;0;1
17.02.2015;0,3;0,75;0,45;1;0
18.02.2015;0,3;-0,5;-0,8;0;1
19.02.2015;0,3;4,13;3,83;1;0
20.02.2015;0,3;3,38;3,08;1;0
21.02.2015;0,3;6,88;6,58;1;0
22.02.2015;0,3;7,63;7,33;1;0
23.02.2015;0,3;4;3,7;1;0
24.02.2015;0,3;2;1,7;1;0
25.02.2015;0,3;1,25;0,95;1;0
26.02.2015;0,3;1,63;1,33;1;0
27.02.2015;0,3;3,13;2,83;1;0
28.02.2015;0,3;2;1,7;1;0
01.03.2015;2,6;1,13;-1,48;0;1
02.03.2015;2,6;5,5;2,9;1;0
03.03.2015;2,6;6,25;3,65;1;0
04.03.2015;2,6;3,88;1,28;1;0
05.03.2015;2,6;3,88;1,28;1;0
06.03.2015;2,6;5,25;2,65;1;0
07.03.2015;2,6;4,5;1,9;1;0
08.03.2015;2,6;5,63;3,03;1;0
09.03.2015;2,6;5,88;3,28;1;0
10.03.2015;2,6;6,63;4,03;1;0
11.03.2015;2,6;4,5;1,9;1;0
12.03.2015;2,6;5,63;3,03;1;0
13.03.2015;2,6;6,75;4,15;1;0
14.03.2015;2,6;5,13;2,53;1;0
15.03.2015;2,6;5;2,4;1;0
16.03.2015;2,6;5;2,4;1;0
17.03.2015;2,6;6,63;4,03;1;0
18.03.2015;2,6;8,13;5,53;1;0
19.03.2015;2,6;10,13;7,53;1;0
20.03.2015;2,6;14;11,4;1;0
21.03.2015;2,6;8,38;5,78;1;0
22.03.2015;2,6;9,5;6,9;1;0
23.03.2015;2,6;9,13;6,53;1;0
24.03.2015;2,6;7,13;4,53;1;0
25.03.2015;2,6;4,88;2,28;1;0
26.03.2015;2,6;5,13;2,53;1;0
27.03.2015;2,6;5,75;3,15;1;0
28.03.2015;2,6;8,63;6,03;1;0
29.03.2015;2,6;10,75;8,15;1;0
30.03.2015;2,6;10,63;8,03;1;0
31.03.2015;2,6;10,38;7,78;1;0
01.04.2015;6,5;5;-1,5;0;1
02.04.2015;6,5;4,5;-2;0;1
04.04.2015;6,5;4,38;-2,13;0;1
05.04.2015;6,5;7,75;1,25;1;0
06.04.2015;6,5;7,88;1,38;1;0
07.04.2015;6,5;7,88;1,38;1;0
08.04.2015;6,5;7,13;0,63;1;0
09.04.2015;6,5;7;0,5;1;0
10.04.2015;6,5;8,5;2;1;0
11.04.2015;6,5;8,25;1,75;1;0
12.04.2015;6,5;6,5;0;0;0
13.04.2015;6,5;6,38;-0,13;0;1
14.04.2015;6,5;5;-1,5;0;1
15.04.2015;6,5;6,5;0;0;0
16.04.2015;6,5;7,38;0,88;1;0
17.04.2015;6,5;8,38;1,88;1;0
18.04.2015;6,5;8,63;2,13;1;0
19.04.2015;6,5;7,75;1,25;1;0
20.04.2015;6,5;7,75;1,25;1;0
21.04.2015;6,5;12;5,5;1;0
22.04.2015;6,5;11,88;5,38;1;0
23.04.2015;6,5;14,13;7,63;1;0
24.04.2015;6,5;16,75;10,25;1;0
25.04.2015;6,5;12,38;5,88;1;0
26.04.2015;6,5;8,88;2,38;1;0
27.04.2015;6,5;10,75;4,25;1;0
28.04.2015;6,5;15,5;9;1;0
29.04.2015;6,5;9,38;2,88;1;0
30.04.2015;6,5;10,5;4;1;0
02.05.2015;11,1;10,88;-0,23;0;1
03.05.2015;11,1;10,13;-0,98;0;1
04.05.2015;11,1;14,25;3,15;1;0
05.05.2015;11,1;14,63;3,53;1;0
06.05.2015;11,1;12,13;1,03;1;0
07.05.2015;11,1;13,63;2,53;1;0
08.05.2015;11,1;13,88;2,78;1;0
09.05.2015;11,1;13,75;2,65;1;0
10.05.2015;11,1;7;-4,1;0;1
11.05.2015;11,1;10,13;-0,98;0;1
12.05.2015;11,1;10,25;-0,85;0;1
13.05.2015;11,1;12,63;1,53;1;0
14.05.2015;11,1;11,38;0,28;1;0
15.05.2015;11,1;10;-1,1;0;1
16.05.2015;11,1;11;-0,1;0;1
17.05.2015;11,1;14,75;3,65;1;0
18.05.2015;11,1;15,88;4,78;1;0
19.05.2015;11,1;20;8,9;1;0
20.05.2015;11,1;17,13;6,03;1;0
21.05.2015;11,1;12;0,9;1;0
22.05.2015;11,1;11,5;0,4;1;0
23.05.2015;11,1;13,5;2,4;1;0
24.05.2015;11,1;12,75;1,65;1;0
25.05.2015;11,1;19,75;8,65;1;0
26.05.2015;11,1;14,63;3,53;1;0
27.05.2015;11,1;11,88;0,78;1;0
28.05.2015;11,1;11,25;0,15;1;0
29.05.2015;11,1;13,5;2,4;1;0
30.05.2015;11,1;10,5;-0,6;0;1
31.05.2015;11,1;12,63;1,53;1;0
01.06.2015;14,6;11,63;-2,98;0;1
02.06.2015;14,6;10,13;-4,48;0;1
03.06.2015;14,6;12,25;-2,35;0;1
04.06.2015;14,6;12,63;-1,98;0;1
05.06.2015;14,6;17;2,4;1;0
06.06.2015;14,6;13,38;-1,23;0;1
07.06.2015;14,6;14,38;-0,23;0;1
08.06.2015;14,6;11,75;-2,85;0;1
09.06.2015;14,6;13;-1,6;0;1
10.06.2015;14,6;12,63;-1,98;0;1
11.06.2015;14,6;13,13;-1,48;0;1
12.06.2015;14,6;14,63;0,03;1;0
13.06.2015;14,6;11,63;-2,98;0;1
14.06.2015;14,6;14,5;-0,1;0;1
15.06.2015;14,6;14,25;-0,35;0;1
16.06.2015;14,6;14,25;-0,35;0;1
17.06.2015;14,6;15,25;0,65;1;0
18.06.2015;14,6;16,38;1,78;1;0
19.06.2015;14,6;22,63;8,03;1;0
20.06.2015;14,6;18,5;3,9;1;0
21.06.2015;14,6;16,63;2,03;1;0
22.06.2015;14,6;14,38;-0,23;0;1
23.06.2015;14,6;15,25;0,65;1;0
24.06.2015;14,6;18;3,4;1;0
25.06.2015;14,6;16;1,4;1;0
26.06.2015;14,6;20,25;5,65;1;0
27.06.2015;14,6;21,88;7,28;1;0
28.06.2015;14,6;14,38;-0,23;0;1
29.06.2015;14,6;13,63;-0,98;0;1
30.06.2015;14,6;13,63;-0,98;0;1
01.07.2015;16,3;16,5;0,2;1;0
02.07.2015;16,3;13,25;-3,05;0;1
03.07.2015;16,3;14,25;-2,05;0;1
04.07.2015;16,3;17,13;0,83;1;0
05.07.2015;16,3;15,75;-0,55;0;1
06.07.2015;16,3;13,5;-2,8;0;1
07.07.2015;16,3;16,5;0,2;1;0
08.07.2015;16,3;12,63;-3,68;0;1
09.07.2015;16,3;17,13;0,83;1;0
10.07.2015;16,3;19,25;2,95;1;0
11.07.2015;16,3;19,38;3,08;1;0
12.07.2015;16,3;19,88;3,58;1;0
13.07.2015;16,3;21,5;5,2;1;0
14.07.2015;16,3;20,25;3,95;1;0
15.07.2015;16,3;23,13;6,83;1;0
16.07.2015;16,3;27,38;11,08;1;0
17.07.2015;16,3;25,63;9,33;1;0
18.07.2015;16,3;26,5;10,2;1;0
19.07.2015;16,3;25,25;8,95;1;0
20.07.2015;16,3;19,88;3,58;1;0
21.07.2015;16,3;24,75;8,45;1;0
22.07.2015;16,3;16,63;0,33;1;0
23.07.2015;16,3;14,38;-1,93;0;1
24.07.2015;16,3;16,13;-0,18;0;1
25.07.2015;16,3;17,75;1,45;1;0
26.07.2015;16,3;19,25;2,95;1;0
27.07.2015;16,3;19,38;3,08;1;0
28.07.2015;16,3;19,63;3,33;1;0
29.07.2015;16,3;20,13;3,83;1;0
30.07.2015;16,3;18,75;2,45;1;0
31.07.2015;16,3;23,25;6,95;1;0
01.08.2015;15,6;20,88;5,28;1;0
02.08.2015;15,6;14,5;-1,1;0;1
03.08.2015;15,6;18,38;2,78;1;0
04.08.2015;15,6;21,38;5,78;1;0
05.08.2015;15,6;23,75;8,15;1;0
06.08.2015;15,6;18,38;2,78;1;0
07.08.2015;15,6;19,38;3,78;1;0
08.08.2015;15,6;20;4,4;1;0
09.08.2015;15,6;16,75;1,15;1;0
10.08.2015;15,6;15,88;0,28;1;0
11.08.2015;15,6;17,38;1,78;1;0
12.08.2015;15,6;14,88;-0,73;0;1
13.08.2015;15,6;14;-1,6;0;1
14.08.2015;15,6;15,88;0,28;1;0
15.08.2015;15,6;17,63;2,03;1;0
16.08.2015;15,6;21,5;5,9;1;0
17.08.2015;15,6;26;10,4;1;0
18.08.2015;15,6;26,5;10,9;1;0
19.08.2015;15,6;21,75;6,15;1;0
20.08.2015;15,6;27,63;12,03;1;0
21.08.2015;15,6;20;4,4;1;0
22.08.2015;15,6;19,13;3,53;1;0
23.08.2015;15,6;21;5,4;1;0
24.08.2015;15,6;22,5;6,9;1;0
25.08.2015;15,6;22,13;6,53;1;0
26.08.2015;15,6;19,13;3,53;1;0
27.08.2015;15,6;20,75;5,15;1;0
28.08.2015;15,6;24;8,4;1;0
29.08.2015;15,6;20,88;5,28;1;0
30.08.2015;15,6;21,5;5,9;1;0
31.08.2015;15,6;19,38;3,78;1;0
01.09.2015;13;19,25;6,25;1;0
02.09.2015;13;19,63;6,63;1;0
03.09.2015;13;20,38;7,38;1;0
04.09.2015;13;22,88;9,88;1;0
05.09.2015;13;23,5;10,5;1;0
06.09.2015;13;21,63;8,63;1;0
07.09.2015;13;20,75;7,75;1;0
08.09.2015;13;17,75;4,75;1;0
09.09.2015;13;22,13;9,13;1;0
10.09.2015;13;18,13;5,13;1;0
11.09.2015;13;19,63;6,63;1;0
12.09.2015;13;20,13;7,13;1;0
13.09.2015;13;19,38;6,38;1;0
14.09.2015;13;21,88;8,88;1;0
15.09.2015;13;17,63;4,63;1;0
16.09.2015;13;17;4;1;0
17.09.2015;13;17,75;4,75;1;0
18.09.2015;13;15,63;2,63;1;0
19.09.2015;13;14,13;1,13;1;0
20.09.2015;13;17;4;1;0
21.09.2015;13;17,25;4,25;1;0
22.09.2015;13;17,5;4,5;1;0
23.09.2015;13;16,88;3,88;1;0
24.09.2015;13;17,63;4,63;1;0
25.09.2015;13;15;2;1;0
26.09.2015;13;18,5;5,5;1;0
27.09.2015;13;18,5;5,5;1;0
28.09.2015;13;17,63;4,63;1;0
29.09.2015;13;13,88;0,88;1;0
30.09.2015;13;15,25;2,25;1;0
01.10.2015;9,1;18;8,9;1;0
02.10.2015;9,1;17,25;8,15;1;0
03.10.2015;9,1;15,25;6,15;1;0
04.10.2015;9,1;15,63;6,53;1;0
05.10.2015;9,1;13,38;4,28;1;0
06.10.2015;9,1;14,25;5,15;1;0
07.10.2015;9,1;14;4,9;1;0
08.10.2015;9,1;16;6,9;1;0
09.10.2015;9,1;14,88;5,78;1;0
10.10.2015;9,1;15,25;6,15;1;0
11.10.2015;9,1;15,25;6,15;1;0
12.10.2015;9,1;14,63;5,53;1;0
13.10.2015;9,1;15,63;6,53;1;0
14.10.2015;9,1;15,38;6,28;1;0
15.10.2015;9,1;14,75;5,65;1;0
16.10.2015;9,1;15,38;6,28;1;0
17.10.2015;9,1;14,38;5,28;1;0
18.10.2015;9,1;15,63;6,53;1;0
19.10.2015;9,1;16,5;7,4;1;0
20.10.2015;9,1;14,88;5,78;1;0
21.10.2015;9,1;13;3,9;1;0
22.10.2015;9,1;11,88;2,78;1;0
23.10.2015;9,1;11,13;2,03;1;0
24.10.2015;9,1;9,75;0,65;1;0
25.10.2015;9,1;10,25;1,15;1;0
26.10.2015;9,1;8,63;-0,48;0;1
27.10.2015;9,1;7,75;-1,35;0;1
28.10.2015;9,1;9;-0,1;0;1
29.10.2015;9,1;10,38;1,28;1;0
30.10.2015;9,1;10;0,9;1;0
31.10.2015;9,1;10,75;1,65;1;0
01.11.2015;4,4;11,13;6,73;1;0
02.11.2015;4,4;9,25;4,85;1;0
03.11.2015;4,4;10,25;5,85;1;0
04.11.2015;4,4;11,25;6,85;1;0
05.11.2015;4,4;12,25;7,85;1;0
06.11.2015;4,4;13,38;8,98;1;0
07.11.2015;4,4;12,38;7,98;1;0
08.11.2015;4,4;12,25;7,85;1;0
09.11.2015;4,4;11,38;6,98;1;0
10.11.2015;4,4;10,75;6,35;1;0
11.11.2015;4,4;11,25;6,85;1;0
12.11.2015;4,4;10,5;6,1;1;0
13.11.2015;4,4;11,38;6,98;1;0
14.11.2015;4,4;11,75;7,35;1;0
15.11.2015;4,4;10,75;6,35;1;0
16.11.2015;4,4;9,75;5,35;1;0
17.11.2015;4,4;5,13;0,73;1;0
18.11.2015;4,4;8;3,6;1;0
19.11.2015;4,4;13,38;8,98;1;0
20.11.2015;4,4;13,75;9,35;1;0
21.11.2015;4,4;14,63;10,23;1;0
22.11.2015;4,4;13;8,6;1;0
23.11.2015;4,4;12;7,6;1;0
24.11.2015;4,4;15;10,6;1;0
25.11.2015;4,4;13,63;9,23;1;0
26.11.2015;4,4;13,13;8,73;1;0
27.11.2015;4,4;11,75;7,35;1;0
28.11.2015;4,4;8,13;3,73;1;0
29.11.2015;4,4;8,5;4,1;1;0
30.11.2015;4,4;12,25;7,85;1;0
01.12.2015;1,6;10,75;9,15;1;0
02.12.2015;1,6;10,75;9,15;1;0
03.12.2015;1,6;10,13;8,53;1;0
04.12.2015;1,6;7,75;6,15;1;0
05.12.2015;1,6;4,5;2,9;1;0
06.12.2015;1,6;2,25;0,65;1;0
07.12.2015;1,6;3,13;1,53;1;0
08.12.2015;1,6;3,13;1,53;1;0
09.12.2015;1,6;5,13;3,53;1;0
10.12.2015;1,6;5,5;3,9;1;0
11.12.2015;1,6;5,25;3,65;1;0
12.12.2015;1,6;6,13;4,53;1;0
13.12.2015;1,6;8,25;6,65;1;0
14.12.2015;1,6;5,75;4,15;1;0
15.12.2015;1,6;6,75;5,15;1;0
16.12.2015;1,6;10,5;8,9;1;0
17.12.2015;1,6;9,13;7,53;1;0
18.12.2015;1,6;9,25;7,65;1;0
19.12.2015;1,6;9;7,4;1;0
20.12.2015;1,6;10,88;9,28;1;0
21.12.2015;1,6;8,25;6,65;1;0
22.12.2015;1,6;10,75;9,15;1;0
23.12.2015;1,6;8,75;7,15;1;0
24.12.2015;1,6;6,63;5,03;1;0
27.12.2015;1,6;6,13;4,53;1;0
28.12.2015;1,6;6,88;5,28;1;0
29.12.2015;1,6;5,25;3,65;1;0
30.12.2015;1,6;3,63;2,03;1;0
31.12.2015;1,6;5,5;3,9;1;0
02.01.2016;0,3;6,25;5,95;1;0
03.01.2016;0,3;11,88;11,58;1;0
04.01.2016;0,3;10,38;10,08;1;0
05.01.2016;0,3;11,38;11,08;1;0
06.01.2016;0,3;12,5;12,2;1;0
07.01.2016;0,3;10,25;9,95;1;0
08.01.2016;0,3;11,25;10,95;1;0
09.01.2016;0,3;10,38;10,08;1;0
10.01.2016;0,3;8,38;8,08;1;0
11.01.2016;0,3;7,88;7,58;1;0
12.01.2016;0,3;12,75;12,45;1;0
13.01.2016;0,3;10,88;10,58;1;0
14.01.2016;0,3;4,75;4,45;1;0
15.01.2016;0,3;5,13;4,83;1;0
16.01.2016;0,3;5,25;4,95;1;0
17.01.2016;0,3;2;1,7;1;0
18.01.2016;0,3;4,5;4,2;1;0
19.01.2016;0,3;0;-0,3;0;1
20.01.2016;0,3;-5,5;-5,8;0;1
21.01.2016;0,3;-6;-6,3;0;1
22.01.2016;0,3;-3,63;-3,93;0;1
23.01.2016;0,3;-3;-3,3;0;1
24.01.2016;0,3;-4;-4,3;0;1
25.01.2016;0,3;1,75;1,45;1;0
26.01.2016;0,3;2,88;2,58;1;0
27.01.2016;0,3;2,13;1,83;1;0
28.01.2016;0,3;2,5;2,2;1;0
29.01.2016;0,3;4;3,7;1;0
30.01.2016;0,3;1,88;1,58;1;0
31.01.2016;0,3;1,75;1,45;1;0
01.02.2016;0,3;2,13;1,83;1;0
02.02.2016;0,3;0,5;0,2;1;0
03.02.2016;0,3;-1,38;-1,68;0;1
04.02.2016;0,3;-1,75;-2,05;0;1
05.02.2016;0,3;-2,5;-2,8;0;1
06.02.2016;0,3;-1,63;-1,93;0;1
07.02.2016;0,3;-4,88;-5,18;0;1
08.02.2016;0,3;-3;-3,3;0;1
09.02.2016;0,3;3,13;2,83;1;0
10.02.2016;0,3;5,13;4,83;1;0
11.02.2016;0,3;9;8,7;1;0
12.02.2016;0,3;7,88;7,58;1;0
13.02.2016;0,3;10,38;10,08;1;0
14.02.2016;0,3;6,75;6,45;1;0
15.02.2016;0,3;8,13;7,83;1;0
16.02.2016;0,3;6,63;6,33;1;0
17.02.2016;0,3;4,13;3,83;1;0
18.02.2016;0,3;7,88;7,58;1;0
19.02.2016;0,3;7,5;7,2;1;0
20.02.2016;0,3;4,75;4,45;1;0
21.02.2016;0,3;4,25;3,95;1;0
22.02.2016;0,3;4,5;4,2;1;0
23.02.2016;0,3;9,38;9,08;1;0
24.02.2016;0,3;9,75;9,45;1;0
25.02.2016;0,3;8,5;8,2;1;0
26.02.2016;0,3;6,75;6,45;1;0
27.02.2016;0,3;3,75;3,45;1;0
28.02.2016;0,3;5,25;4,95;1;0
29.02.2016;0,3;3,5;3,2;1;0
01.03.2016;2,6;2;-0,6;0;1
02.03.2016;2,6;2,88;0,28;1;0
03.03.2016;2,6;0,75;-1,85;0;1
04.03.2016;2,6;2,13;-0,48;0;1
05.03.2016;2,6;1,75;-0,85;0;1
06.03.2016;2,6;1,88;-0,73;0;1
07.03.2016;2,6;3,25;0,65;1;0
08.03.2016;2,6;6;3,4;1;0
09.03.2016;2,6;6,88;4,28;1;0
10.03.2016;2,6;5,88;3,28;1;0
11.03.2016;2,6;6,13;3,53;1;0
12.03.2016;2,6;4;1,4;1;0
13.03.2016;2,6;3,5;0,9;1;0
14.03.2016;2,6;3,63;1,03;1;0
15.03.2016;2,6;1,5;-1,1;0;1
16.03.2016;2,6;3,5;0,9;1;0
17.03.2016;2,6;2,13;-0,48;0;1
18.03.2016;2,6;2,25;-0,35;0;1
19.03.2016;2,6;5;2,4;1;0
20.03.2016;2,6;4,75;2,15;1;0
21.03.2016;2,6;3,88;1,28;1;0
22.03.2016;2,6;3,25;0,65;1;0
23.03.2016;2,6;4,5;1,9;1;0
26.03.2016;2,6;4,75;2,15;1;0
27.03.2016;2,6;5;2,4;1;0
28.03.2016;2,6;6,75;4,15;1;0
29.03.2016;2,6;4,38;1,78;1;0
30.03.2016;2,6;3,5;0,9;1;0
31.03.2016;2,6;2,75;0,15;1;0
01.04.2016;6,5;0,88;-5,63;0;1
02.04.2016;6,5;5;-1,5;0;1
03.04.2016;6,5;5,75;-0,75;0;1
04.04.2016;6,5;6,38;-0,13;0;1
05.04.2016;6,5;9,25;2,75;1;0
06.04.2016;6,5;5,38;-1,13;0;1
07.04.2016;6,5;6;-0,5;0;1
08.04.2016;6,5;8,63;2,13;1;0
09.04.2016;6,5;7,5;1;1;0
10.04.2016;6,5;8,13;1,63;1;0
11.04.2016;6,5;9,13;2,63;1;0
12.04.2016;6,5;7,38;0,88;1;0
13.04.2016;6,5;7,88;1,38;1;0
14.04.2016;6,5;9,75;3,25;1;0
15.04.2016;6,5;8,63;2,13;1;0
16.04.2016;6,5;11,63;5,13;1;0
17.04.2016;6,5;10;3,5;1;0
18.04.2016;6,5;8,5;2;1;0
19.04.2016;6,5;9;2,5;1;0
20.04.2016;6,5;9,13;2,63;1;0
21.04.2016;6,5;12,75;6,25;1;0
22.04.2016;6,5;15,5;9;1;0
23.04.2016;6,5;17,38;10,88;1;0
24.04.2016;6,5;10;3,5;1;0
25.04.2016;6,5;11,13;4,63;1;0
26.04.2016;6,5;8,63;2,13;1;0
27.04.2016;6,5;9;2,5;1;0
28.04.2016;6,5;10,13;3,63;1;0
29.04.2016;6,5;10,88;4,38;1;0
30.04.2016;6,5;10;3,5;1;0
01.05.2016;11,1;8;-3,1;0;1
02.05.2016;11,1;9,75;-1,35;0;1
03.05.2016;11,1;10;-1,1;0;1
04.05.2016;11,1;10,63;-0,48;0;1
05.05.2016;11,1;12,75;1,65;1;0
06.05.2016;11,1;9,88;-1,23;0;1
07.05.2016;11,1;9,63;-1,48;0;1
08.05.2016;11,1;9,5;-1,6;0;1
09.05.2016;11,1;10,5;-0,6;0;1
10.05.2016;11,1;11,63;0,53;1;0
11.05.2016;11,1;10,5;-0,6;0;1
12.05.2016;11,1;8,88;-2,23;0;1
13.05.2016;11,1;5,75;-5,35;0;1
14.05.2016;11,1;4,63;-6,48;0;1
15.05.2016;11,1;2,5;-8,6;0;1
16.05.2016;11,1;4,88;-6,23;0;1
17.05.2016;11,1;7,5;-3,6;0;1
18.05.2016;11,1;9,75;-1,35;0;1
19.05.2016;11,1;8;-3,1;0;1
20.05.2016;11,1;10,75;-0,35;0;1
21.05.2016;11,1;17,88;6,78;1;0
22.05.2016;11,1;11,38;0,28;1;0
23.05.2016;11,1;12,38;1,28;1;0
24.05.2016;11,1;15,13;4,03;1;0
25.05.2016;11,1;19;7,9;1;0
26.05.2016;11,1;22,13;11,03;1;0
27.05.2016;11,1;21,38;10,28;1;0
28.05.2016;11,1;19,88;8,78;1;0
29.05.2016;11,1;20,88;9,78;1;0
30.05.2016;11,1;20,63;9,53;1;0
31.05.2016;11,1;15,63;4,53;1;0
01.06.2016;14,6;17,5;2,9;1;0
02.06.2016;14,6;10;-4,6;0;1
03.06.2016;14,6;9,75;-4,85;0;1
04.06.2016;14,6;11,25;-3,35;0;1
05.06.2016;14,6;10,75;-3,85;0;1
06.06.2016;14,6;16,75;2,15;1;0
07.06.2016;14,6;19,5;4,9;1;0
08.06.2016;14,6;14,75;0,15;1;0
09.06.2016;14,6;19,38;4,78;1;0
10.06.2016;14,6;25;10,4;1;0
11.06.2016;14,6;15,5;0,9;1;0
12.06.2016;14,6;14,25;-0,35;0;1
13.06.2016;14,6;16,5;1,9;1;0
14.06.2016;14,6;14,38;-0,23;0;1
15.06.2016;14,6;15,88;1,28;1;0
16.06.2016;14,6;18,63;4,03;1;0
17.06.2016;14,6;17;2,4;1;0
18.06.2016;14,6;20,25;5,65;1;0
19.06.2016;14,6;20,63;6,03;1;0
20.06.2016;14,6;21,75;7,15;1;0
21.06.2016;14,6;21,5;6,9;1;0
22.06.2016;14,6;21,88;7,28;1;0
23.06.2016;14,6;24,5;9,9;1;0
24.06.2016;14,6;25,25;10,65;1;0
25.06.2016;14,6;22,88;8,28;1;0
26.06.2016;14,6;25,38;10,78;1;0
27.06.2016;14,6;18,88;4,28;1;0
28.06.2016;14,6;19,5;4,9;1;0
29.06.2016;14,6;18,13;3,53;1;0
30.06.2016;14,6;17,38;2,78;1;0
01.07.2016;16,3;13,88;-2,43;0;1
02.07.2016;16,3;15,25;-1,05;0;1
03.07.2016;16,3;16,5;0,2;1;0
04.07.2016;16,3;18,25;1,95;1;0
05.07.2016;16,3;18,25;1,95;1;0
06.07.2016;16,3;18,13;1,83;1;0
08.07.2016;16,3;18;1,7;1;0
09.07.2016;16,3;16;-0,3;0;1
10.07.2016;16,3;20,88;4,58;1;0
11.07.2016;16,3;19,88;3,58;1;0
12.07.2016;16,3;22,13;5,83;1;0
13.07.2016;16,3;27,88;11,58;1;0
14.07.2016;16,3;24,13;7,83;1;0
15.07.2016;16,3;18,25;1,95;1;0
16.07.2016;16,3;19,25;2,95;1;0
17.07.2016;16,3;19,38;3,08;1;0
19.07.2016;16,3;18,38;2,08;1;0
20.07.2016;16,3;18,75;2,45;1;0
21.07.2016;16,3;18,25;1,95;1;0
22.07.2016;16,3;19,25;2,95;1;0
23.07.2016;16,3;15,63;-0,68;0;1
24.07.2016;16,3;17,13;0,83;1;0
25.07.2016;16,3;17,25;0,95;1;0
26.07.2016;16,3;17,13;0,83;1;0
27.07.2016;16,3;16,5;0,2;1;0
28.07.2016;16,3;18,25;1,95;1;0
29.07.2016;16,3;19,13;2,83;1;0
30.07.2016;16,3;19,13;2,83;1;0
31.07.2016;16,3;24,13;7,83;1;0
01.08.2016;15,6;20;4,4;1;0
02.08.2016;15,6;19,13;3,53;1;0
03.08.2016;15,6;16,38;0,78;1;0
04.08.2016;15,6;16,38;0,78;1;0
05.08.2016;15,6;17;1,4;1;0
06.08.2016;15,6;18;2,4;1;0
07.08.2016;15,6;17,25;1,65;1;0
08.08.2016;15,6;18,5;2,9;1;0
09.08.2016;15,6;22,38;6,78;1;0
10.08.2016;15,6;26;10,4;1;0
11.08.2016;15,6;25,88;10,28;1;0
12.08.2016;15,6;26;10,4;1;0
13.08.2016;15,6;25,38;9,78;1;0
16.08.2016;15,6;25,25;9,65;1;0
17.08.2016;15,6;25,38;9,78;1;0
18.08.2016;15,6;21,88;6,28;1;0
19.08.2016;15,6;21,38;5,78;1;0
20.08.2016;15,6;21,25;5,65;1;0
21.08.2016;15,6;21;5,4;1;0
22.08.2016;15,6;19,63;4,03;1;0
23.08.2016;15,6;17,38;1,78;1;0
24.08.2016;15,6;18,5;2,9;1;0
25.08.2016;15,6;19,75;4,15;1;0
26.08.2016;15,6;19,38;3,78;1;0
27.08.2016;15,6;20,38;4,78;1;0
28.08.2016;15,6;20,5;4,9;1;0
29.08.2016;15,6;17,5;1,9;1;0
30.08.2016;15,6;21,13;5,53;1;0
31.08.2016;15,6;19;3,4;1;0
01.09.2016;13;15,38;2,38;1;0
02.09.2016;13;14,5;1,5;1;0
03.09.2016;13;13,88;0,88;1;0
04.09.2016;13;18,25;5,25;1;0
05.09.2016;13;18,13;5,13;1;0
06.09.2016;13;18,13;5,13;1;0
07.09.2016;13;18,63;5,63;1;0
08.09.2016;13;19,38;6,38;1;0
09.09.2016;13;19,57;6,57;1;0
10.09.2016;13;18,25;5,25;1;0
11.09.2016;13;20,38;7,38;1;0
12.09.2016;13;20,25;7,25;1;0
13.09.2016;13;19,88;6,88;1;0
14.09.2016;13;18,38;5,38;1;0
15.09.2016;13;21,75;8,75;1;0
16.09.2016;13;25,38;12,38;1;0
17.09.2016;13;28,38;15,38;1;0
18.09.2016;13;27,75;14,75;1;0
19.09.2016;13;20,38;7,38;1;0
20.09.2016;13;21,88;8,88;1;0
21.09.2016;13;18,5;5,5;1;0
22.09.2016;13;20,25;7,25;1;0
23.09.2016;13;23,13;10,13;1;0
24.09.2016;13;20,25;7,25;1;0
25.09.2016;13;19,13;6,13;1;0
26.09.2016;13;19,25;6,25;1;0
27.09.2016;13;19,25;6,25;1;0
28.09.2016;13;19,13;6,13;1;0
29.09.2016;13;21,75;8,75;1;0
30.09.2016;13;23,63;10,63;1;0
01.10.2016;9,1;25,63;16,53;1;0
02.10.2016;9,1;21,38;12,28;1;0
03.10.2016;9,1;23,88;14,78;1;0
04.10.2016;9,1;20,88;11,78;1;0
05.10.2016;9,1;25,38;16,28;1;0
06.10.2016;9,1;27,88;18,78;1;0
07.10.2016;9,1;25,25;16,15;1;0
08.10.2016;9,1;23,75;14,65;1;0
09.10.2016;9,1;22,75;13,65;1;0
10.10.2016;9,1;18,88;9,78;1;0
11.10.2016;9,1;16,75;7,65;1;0
12.10.2016;9,1;17;7,9;1;0
13.10.2016;9,1;17,5;8,4;1;0
14.10.2016;9,1;18,38;9,28;1;0
15.10.2016;9,1;18,5;9,4;1;0
16.10.2016;9,1;18,63;9,53;1;0
17.10.2016;9,1;18,63;9,53;1;0
18.10.2016;9,1;21,38;12,28;1;0
19.10.2016;9,1;18,25;9,15;1;0
20.10.2016;9,1;19,88;10,78;1;0
21.10.2016;9,1;19,13;10,03;1;0
22.10.2016;9,1;17,38;8,28;1;0
23.10.2016;9,1;14;4,9;1;0
24.10.2016;9,1;15,88;6,78;1;0
25.10.2016;9,1;15,75;6,65;1;0
26.10.2016;9,1;14,38;5,28;1;0
27.10.2016;9,1;13,25;4,15;1;0
28.10.2016;9,1;12;2,9;1;0
29.10.2016;9,1;11,25;2,15;1;0
30.10.2016;9,1;11,13;2,03;1;0
31.10.2016;9,1;11,63;2,53;1;0
01.11.2016;4,4;9,13;4,73;1;0
02.11.2016;4,4;11,13;6,73;1;0
03.11.2016;4,4;9,88;5,48;1;0
04.11.2016;4,4;9,75;5,35;1;0
05.11.2016;4,4;10,88;6,48;1;0
06.11.2016;4,4;9,13;4,73;1;0
07.11.2016;4,4;8,63;4,23;1;0
08.11.2016;4,4;11,38;6,98;1;0
09.11.2016;4,4;9,75;5,35;1;0
10.11.2016;4,4;13,25;8,85;1;0
11.11.2016;4,4;7,63;3,23;1;0
12.11.2016;4,4;10,13;5,73;1;0
13.11.2016;4,4;9,88;5,48;1;0
14.11.2016;4,4;8,13;3,73;1;0
15.11.2016;4,4;8,63;4,23;1;0
16.11.2016;4,4;9,25;4,85;1;0
17.11.2016;4,4;9;4,6;1;0
18.11.2016;4,4;7,38;2,98;1;0
19.11.2016;4,4;13,38;8,98;1;0
20.11.2016;4,4;12,75;8,35;1;0
21.11.2016;4,4;11,38;6,98;1;0
22.11.2016;4,4;11;6,6;1;0
23.11.2016;4,4;12,13;7,73;1;0
24.11.2016;4,4;10,13;5,73;1;0
25.11.2016;4,4;7,25;2,85;1;0
26.11.2016;4,4;5,88;1,48;1;0
27.11.2016;4,4;7,88;3,48;1;0
28.11.2016;4,4;5,5;1,1;1;0
29.11.2016;4,4;6,63;2,23;1;0
30.11.2016;4,4;3,5;-0,9;0;1
01.12.2016;1,6;0,75;-0,85;0;1
02.12.2016;1,6;1,25;-0,35;0;1
03.12.2016;1,6;4;2,4;1;0
04.12.2016;1,6;4,88;3,28;1;0
05.12.2016;1,6;1,63;0,03;1;0
06.12.2016;1,6;1,38;-0,23;0;1
07.12.2016;1,6;2;0,4;1;0
08.12.2016;1,6;7,75;6,15;1;0
09.12.2016;1,6;8,75;7,15;1;0
10.12.2016;1,6;7,75;6,15;1;0
11.12.2016;1,6;7,25;5,65;1;0
12.12.2016;1,6;6,63;5,03;1;0
13.12.2016;1,6;6,38;4,78;1;0
14.12.2016;1,6;11,5;9,9;1;0
15.12.2016;1,6;12,13;10,53;1;0
16.12.2016;1,6;10;8,4;1;0
18.12.2016;1,6;4,5;2,9;1;0
19.12.2016;1,6;4;2,4;1;0
20.12.2016;1,6;5,88;4,28;1;0
21.12.2016;1,6;5,63;4,03;1;0
22.12.2016;1,6;2,88;1,28;1;0
23.12.2016;1,6;3;1,4;1;0
24.12.2016;1,6;6,25;4,65;1;0
27.12.2016;1,6;8,5;6,9;1;0
28.12.2016;1,6;3,63;2,03;1;0
29.12.2016;1,6;-0,75;-2,35;0;1
30.12.2016;1,6;4,13;2,53;1;0
31.12.2016;1,6;3;1,4;1;0
02.01.2017;0,3;6,25;5,95;1;0
03.01.2017;0,3;4,5;4,2;1;0
04.01.2017;0,3;8,63;8,33;1;0
05.01.2017;0,3;8,88;8,58;1;0
06.01.2017;0,3;9,5;9,2;1;0
07.01.2017;0,3;4,88;4,58;1;0
08.01.2017;0,3;6,29;5,99;1;0
09.01.2017;0,3;4,63;4,33;1;0
10.01.2017;0,3;0;-0,3;0;1
11.01.2017;0,3;-1;-1,3;0;1
12.01.2017;0,3;2,13;1,83;1;0
13.01.2017;0,3;7;6,7;1;0
14.01.2017;0,3;5,75;5,45;1;0
15.01.2017;0,3;1,5;1,2;1;0
16.01.2017;0,3;3,63;3,33;1;0
17.01.2017;0,3;5,25;4,95;1;0
18.01.2017;0,3;6,38;6,08;1;0
19.01.2017;0,3;6,13;5,83;1;0
20.01.2017;0,3;9,38;9,08;1;0
21.01.2017;0,3;6,88;6,58;1;0
22.01.2017;0,3;8,25;7,95;1;0
23.01.2017;0,3;7,13;6,83;1;0
24.01.2017;0,3;3,75;3,45;1;0
25.01.2017;0,3;1,75;1,45;1;0
26.01.2017;0,3;4,88;4,58;1;0
27.01.2017;0,3;5,5;5,2;1;0
28.01.2017;0,3;1,63;1,33;1;0
29.01.2017;0,3;6;5,7;1;0
30.01.2017;0,3;4;3,7;1;0
31.01.2017;0,3;-2,88;-3,18;0;1
01.02.2017;0,3;-4,25;-4,55;0;1
02.02.2017;0,3;-0,5;-0,8;0;1
03.02.2017;0,3;2,25;1,95;1;0
04.02.2017;0,3;2,5;2,2;1;0
05.02.2017;0,3;2,63;2,33;1;0
06.02.2017;0,3;4,63;4,33;1;0
07.02.2017;0,3;4,5;4,2;1;0
08.02.2017;0,3;3,13;2,83;1;0
09.02.2017;0,3;1,75;1,45;1;0
10.02.2017;0,3;1,38;1,08;1;0
11.02.2017;0,3;0,25;-0,05;0;1
12.02.2017;0,3;0,5;0,2;1;0
13.02.2017;0,3;0,13;-0,18;0;1
14.02.2017;0,3;1,5;1,2;1;0
15.02.2017;0,3;3,63;3,33;1;0
16.02.2017;0,3;5,75;5,45;1;0
17.02.2017;0,3;1,38;1,08;1;0
18.02.2017;0,3;1,13;0,83;1;0
19.02.2017;0,3;1,88;1,58;1;0
20.02.2017;0,3;-1,25;-1,55;0;1
21.02.2017;0,3;1;0,7;1;0
22.02.2017;0,3;2,14;1,84;1;0
23.02.2017;0,3;2,88;2,58;1;0
24.02.2017;0,3;4,75;4,45;1;0
25.02.2017;0,3;2,63;2,33;1;0
26.02.2017;0,3;3,13;2,83;1;0
27.02.2017;0,3;1,13;0,83;1;0
28.02.2017;0,3;1,75;1,45;1;0
01.03.2017;2,6;1,63;-0,98;0;1
02.03.2017;2,6;5,75;3,15;1;0
03.03.2017;2,6;2;-0,6;0;1
04.03.2017;2,6;2,5;-0,1;0;1
05.03.2017;2,6;0;-2,6;0;1
06.03.2017;2,6;-2;-4,6;0;1
07.03.2017;2,6;-2,13;-4,73;0;1
08.03.2017;2,6;-1,75;-4,35;0;1
09.03.2017;2,6;0;-2,6;0;1
10.03.2017;2,6;0,38;-2,23;0;1
11.03.2017;2,6;-0,25;-2,85;0;1
12.03.2017;2,6;-0,75;-3,35;0;1
13.03.2017;2,6;5,88;3,28;1;0
14.03.2017;2,6;6,25;3,65;1;0
15.03.2017;2,6;6;3,4;1;0
16.03.2017;2,6;4,63;2,03;1;0
17.03.2017;2,6;5,63;3,03;1;0
18.03.2017;2,6;8;5,4;1;0
19.03.2017;2,6;7,63;5,03;1;0
20.03.2017;2,6;7,38;4,78;1;0
21.03.2017;2,6;4,38;1,78;1;0
22.03.2017;2,6;4,13;1,53;1;0
23.03.2017;2,6;3,38;0,78;1;0
24.03.2017;2,6;7,5;4,9;1;0
25.03.2017;2,6;10,75;8,15;1;0
26.03.2017;2,6;6;3,4;1;0
27.03.2017;2,6;5;2,4;1;0
28.03.2017;2,6;6,5;3,9;1;0
29.03.2017;2,6;8,38;5,78;1;0
30.03.2017;2,6;9,13;6,53;1;0
31.03.2017;2,6;7,38;4,78;1;0
01.04.2017;6,5;3,75;-2,75;0;1
02.04.2017;6,5;1,75;-4,75;0;1
03.04.2017;6,5;5,75;-0,75;0;1
04.04.2017;6,5;7,38;0,88;1;0
05.04.2017;6,5;8,75;2,25;1;0
06.04.2017;6,5;7,75;1,25;1;0
07.04.2017;6,5;6,38;-0,13;0;1
08.04.2017;6,5;6,63;0,13;1;0
09.04.2017;6,5;10,5;4;1;0
10.04.2017;6,5;9,25;2,75;1;0
11.04.2017;6,5;11,75;5,25;1;0
12.04.2017;6,5;6,75;0,25;1;0
13.04.2017;6,5;6,88;0,38;1;0
15.04.2017;6,5;3,88;-2,63;0;1
16.04.2017;6,5;10,25;3,75;1;0
17.04.2017;6,5;8,75;2,25;1;0
18.04.2017;6,5;10,75;4,25;1;0
19.04.2017;6,5;8,13;1,63;1;0
20.04.2017;6,5;10,5;4;1;0
21.04.2017;6,5;9,88;3,38;1;0
22.04.2017;6,5;9,38;2,88;1;0
23.04.2017;6,5;12,5;6;1;0
24.04.2017;6,5;13,88;7,38;1;0
25.04.2017;6,5;10;3,5;1;0
26.04.2017;6,5;16;9,5;1;0
27.04.2017;6,5;19,75;13,25;1;0
28.04.2017;6,5;15,75;9,25;1;0
29.04.2017;6,5;13,38;6,88;1;0
30.04.2017;6,5;10,38;3,88;1;0
02.05.2017;11,1;12,63;1,53;1;0
03.05.2017;11,1;9,88;-1,23;0;1
04.05.2017;11,1;10;-1,1;0;1
05.05.2017;11,1;11,13;0,03;1;0
06.05.2017;11,1;10,88;-0,23;0;1
07.05.2017;11,1;16;4,9;1;0
08.05.2017;11,1;9,5;-1,6;0;1
09.05.2017;11,1;8,75;-2,35;0;1
10.05.2017;11,1;8,75;-2,35;0;1
11.05.2017;11,1;9;-2,1;0;1
12.05.2017;11,1;9,25;-1,85;0;1
13.05.2017;11,1;8,13;-2,98;0;1
14.05.2017;11,1;6,88;-4,23;0;1
15.05.2017;11,1;6,25;-4,85;0;1
16.05.2017;11,1;5,63;-5,48;0;1
17.05.2017;11,1;6,38;-4,73;0;1
18.05.2017;11,1;8,25;-2,85;0;1
19.05.2017;11,1;11,88;0,78;1;0
20.05.2017;11,1;7,5;-3,6;0;1
21.05.2017;11,1;7,88;-3,23;0;1
22.05.2017;11,1;8,88;-2,23;0;1
23.05.2017;11,1;5,5;-5,6;0;1
24.05.2017;11,1;7,63;-3,48;0;1
25.05.2017;11,1;8,63;-2,48;0;1
26.05.2017;11,1;8,63;-2,48;0;1
27.05.2017;11,1;7,13;-3,98;0;1
28.05.2017;11,1;11,88;0,78;1;0
29.05.2017;11,1;11,75;0,65;1;0
30.05.2017;11,1;10,88;-0,23;0;1
31.05.2017;11,1;11,25;0,15;1;0
01.06.2017;14,6;10,63;-3,98;0;1
02.06.2017;14,6;8,25;-6,35;0;1
03.06.2017;14,6;11;-3,6;0;1
04.06.2017;14,6;17,13;2,53;1;0
05.06.2017;14,6;9,75;-4,85;0;1
06.06.2017;14,6;10;-4,6;0;1
07.06.2017;14,6;9,25;-5,35;0;1
08.06.2017;14,6;13,38;-1,23;0;1
09.06.2017;14,6;12,75;-1,85;0;1
10.06.2017;14,6;17,88;3,28;1;0
11.06.2017;14,6;18,75;4,15;1;0
12.06.2017;14,6;17,38;2,78;1;0
13.06.2017;14,6;14,13;-0,48;0;1
14.06.2017;14,6;23,13;8,53;1;0
15.06.2017;14,6;23,13;8,53;1;0
16.06.2017;14,6;17,38;2,78;1;0
17.06.2017;14,6;16;1,4;1;0
18.06.2017;14,6;18,63;4,03;1;0
19.06.2017;14,6;17,75;3,15;1;0
20.06.2017;14,6;22,13;7,53;1;0
21.06.2017;14,6;17,13;2,53;1;0
22.06.2017;14,6;18,88;4,28;1;0
23.06.2017;14,6;20,75;6,15;1;0
24.06.2017;14,6;24,75;10,15;1;0
25.06.2017;14,6;22,38;7,78;1;0
26.06.2017;14,6;18,75;4,15;1;0
27.06.2017;14,6;20,5;5,9;1;0
28.06.2017;14,6;15,5;0,9;1;0
29.06.2017;14,6;17,38;2,78;1;0
30.06.2017;14,6;20,25;5,65;1;0
01.07.2017;16,3;17,5;1,2;1;0
02.07.2017;16,3;17,13;0,83;1;0
03.07.2017;16,3;20,13;3,83;1;0
05.07.2017;16,3;21,63;5,33;1;0
06.07.2017;16,3;12,25;-4,05;0;1
07.07.2017;16,3;14,88;-1,43;0;1
08.07.2017;16,3;20,25;3,95;1;0
09.07.2017;16,3;19,25;2,95;1;0
10.07.2017;16,3;25;8,7;1;0
11.07.2017;16,3;16,25;-0,05;0;1
12.07.2017;16,3;16,13;-0,18;0;1
13.07.2017;16,3;19,13;2,83;1;0
14.07.2017;16,3;22,75;6,45;1;0
15.07.2017;16,3;17,38;1,08;1;0
16.07.2017;16,3;20,13;3,83;1;0
17.07.2017;16,3;24,25;7,95;1;0
18.07.2017;16,3;25,38;9,08;1;0
19.07.2017;16,3;20,75;4,45;1;0
20.07.2017;16,3;18,75;2,45;1;0
21.07.2017;16,3;20,25;3,95;1;0
22.07.2017;16,3;17,25;0,95;1;0
23.07.2017;16,3;17,88;1,58;1;0
24.07.2017;16,3;17,25;0,95;1;0
25.07.2017;16,3;17,38;1,08;1;0
26.07.2017;16,3;16,38;0,08;1;0
27.07.2017;16,3;19,75;3,45;1;0
28.07.2017;16,3;17,88;1,58;1;0
29.07.2017;16,3;14,88;-1,43;0;1
30.07.2017;16,3;17,63;1,33;1;0
31.07.2017;16,3;17,13;0,83;1;0
01.08.2017;15,6;18,63;3,03;1;0
02.08.2017;15,6;17,25;1,65;1;0
03.08.2017;15,6;19;3,4;1;0
04.08.2017;15,6;18,38;2,78;1;0
05.08.2017;15,6;20,63;5,03;1;0
06.08.2017;15,6;20,63;5,03;1;0
07.08.2017;15,6;19,13;3,53;1;0
08.08.2017;15,6;17,5;1,9;1;0
09.08.2017;15,6;19,88;4,28;1;0
10.08.2017;15,6;14,75;-0,85;0;1
11.08.2017;15,6;16,88;1,28;1;0
12.08.2017;15,6;19,5;3,9;1;0
13.08.2017;15,6;18,75;3,15;1;0
14.08.2017;15,6;17,38;1,78;1;0
15.08.2017;15,6;18,5;2,9;1;0
16.08.2017;15,6;18,75;3,15;1;0
17.08.2017;15,6;22,5;6,9;1;0
18.08.2017;15,6;21,5;5,9;1;0
19.08.2017;15,6;20,5;4,9;1;0
20.08.2017;15,6;18,5;2,9;1;0
21.08.2017;15,6;19,38;3,78;1;0
22.08.2017;15,6;18,75;3,15;1;0
23.08.2017;15,6;16,25;0,65;1;0
24.08.2017;15,6;20,88;5,28;1;0
25.08.2017;15,6;19,5;3,9;1;0
26.08.2017;15,6;18,13;2,53;1;0
27.08.2017;15,6;19,63;4,03;1;0
28.08.2017;15,6;24;8,4;1;0
29.08.2017;15,6;22,75;7,15;1;0
30.08.2017;15,6;21,38;5,78;1;0
31.08.2017;15,6;21,38;5,78;1;0
01.09.2017;13;20,13;7,13;1;0
02.09.2017;13;19,63;6,63;1;0
03.09.2017;13;20,13;7,13;1;0
04.09.2017;13;18,5;5,5;1;0
05.09.2017;13;22,49;9,49;1;0
06.09.2017;13;23,06;10,06;1;0
07.09.2017;13;21,13;8,13;1;0
08.09.2017;13;19,6;6,6;1;0
09.09.2017;13;16,38;3,38;1;0
10.09.2017;13;15,56;2,56;1;0
11.09.2017;13;17,83;4,83;1;0
12.09.2017;13;18,64;5,64;1;0
13.09.2017;13;25,06;12,06;1;0
14.09.2017;13;20,86;7,86;1;0
15.09.2017;13;21,8;8,8;1;0
16.09.2017;13;19,66;6,66;1;0
17.09.2017;13;16,94;3,94;1;0
18.09.2017;13;16,01;3,01;1;0
19.09.2017;13;17,2;4,2;1;0
20.09.2017;13;17,61;4,61;1;0
21.09.2017;13;19,44;6,44;1;0
22.09.2017;13;19,49;6,49;1;0
23.09.2017;13;19,76;6,76;1;0
24.09.2017;13;19,53;6,53;1;0
25.09.2017;13;19,66;6,66;1;0
26.09.2017;13;20,54;7,54;1;0
27.09.2017;13;24,6;11,6;1;0
28.09.2017;13;20;7;1;0
29.09.2017;13;14,89;1,89;1;0
30.09.2017;13;17,3;4,3;1;0
01.10.2017;9,1;16,53;7,43;1;0
02.10.2017;9,1;17,4;8,3;1;0
03.10.2017;9,1;18,29;9,19;1;0
04.10.2017;9,1;20,95;11,85;1;0
05.10.2017;9,1;18,2;9,1;1;0
06.10.2017;9,1;17,29;8,19;1;0
07.10.2017;9,1;14,94;5,84;1;0
08.10.2017;9,1;15,03;5,93;1;0
09.10.2017;9,1;17,65;8,55;1;0
10.10.2017;9,1;17,86;8,76;1;0
11.10.2017;9,1;16,1;7;1;0
12.10.2017;9,1;13,34;4,24;1;0
13.10.2017;9,1;13,24;4,14;1;0
14.10.2017;9,1;14,43;5,33;1;0
15.10.2017;9,1;11,91;2,81;1;0
16.10.2017;9,1;15,25;6,15;1;0
17.10.2017;9,1;15,08;5,98;1;0
18.10.2017;9,1;14,39;5,29;1;0
19.10.2017;9,1;14,23;5,13;1;0
20.10.2017;9,1;16,96;7,86;1;0
21.10.2017;9,1;15,59;6,49;1;0
22.10.2017;9,1;15,85;6,75;1;0
24.10.2017;9,1;15,81;6,71;1;0
25.10.2017;9,1;16,23;7,13;1;0
26.10.2017;9,1;15,73;6,63;1;0
27.10.2017;9,1;16,58;7,48;1;0
28.10.2017;9,1;15,11;6,01;1;0
29.10.2017;9,1;19,1;10;1;0
30.10.2017;9,1;15,11;6,01;1;0
01.11.2017;4,4;16,29;11,89;1;0
02.11.2017;4,4;15,15;10,75;1;0
03.11.2017;4,4;14,26;9,86;1;0
04.11.2017;4,4;13,89;9,49;1;0
05.11.2017;4,4;10,65;6,25;1;0
06.11.2017;4,4;12,03;7,63;1;0
07.11.2017;4,4;12,48;8,08;1;0
08.11.2017;4,4;14,05;9,65;1;0
09.11.2017;4,4;14,64;10,24;1;0
10.11.2017;4,4;13,19;8,79;1;0
11.11.2017;4,4;14,16;9,76;1;0
12.11.2017;4,4;15,76;11,36;1;0
13.11.2017;4,4;17,81;13,41;1;0
14.11.2017;4,4;17,94;13,54;1;0
15.11.2017;4,4;14,73;10,33;1;0
16.11.2017;4,4;14,81;10,41;1;0
17.11.2017;4,4;14,85;10,45;1;0
18.11.2017;4,4;14,18;9,78;1;0
19.11.2017;4,4;13,04;8,64;1;0
20.11.2017;4,4;11,03;6,63;1;0
21.11.2017;4,4;11,95;7,55;1;0
22.11.2017;4,4;11,93;7,53;1;0
23.11.2017;4,4;14,23;9,83;1;0
24.11.2017;4,4;13,48;9,08;1;0
25.11.2017;4,4;11,95;7,55;1;0
26.11.2017;4,4;11,21;6,81;1;0
27.11.2017;4,4;9,9;5,5;1;0
28.11.2017;4,4;8,1;3,7;1;0
29.11.2017;4,4;8,93;4,53;1;0
30.11.2017;4,4;12,98;8,58;1;0
01.12.2017;1,6;11,69;10,09;1;0
02.12.2017;1,6;9,44;7,84;1;0
03.12.2017;1,6;10,26;8,66;1;0
04.12.2017;1,6;9,8;8,2;1;0
05.12.2017;1,6;8,21;6,61;1;0
06.12.2017;1,6;6,79;5,19;1;0
07.12.2017;1,6;8,63;7,03;1;0
08.12.2017;1,6;8,55;6,95;1;0
09.12.2017;1,6;7,54;5,94;1;0
10.12.2017;1,6;5,24;3,64;1;0
11.12.2017;1,6;5,58;3,98;1;0
12.12.2017;1,6;5,9;4,3;1;0
13.12.2017;1,6;6,39;4,79;1;0
14.12.2017;1,6;9,38;7,78;1;0
15.12.2017;1,6;8,81;7,21;1;0
16.12.2017;1,6;7,73;6,13;1;0
17.12.2017;1,6;5,35;3,75;1;0
18.12.2017;1,6;6,25;4,65;1;0
19.12.2017;1,6;5,96;4,36;1;0
20.12.2017;1,6;4,99;3,39;1;0
21.12.2017;1,6;10,61;9,01;1;0
22.12.2017;1,6;12,23;10,63;1;0
23.12.2017;1,6;6,99;5,39;1;0
24.12.2017;1,6;2,78;1,18;1;0
27.12.2017;1,6;4,65;3,05;1;0
28.12.2017;1,6;4,56;2,96;1;0
29.12.2017;1,6;5,49;3,89;1;0
30.12.2017;1,6;4,23;2,63;1;0
31.12.2017;1,6;2,81;1,21;1;0
02.01.2018;0,3;4,36;4,06;1;0
03.01.2018;0,3;0,38;0,08;1;0
04.01.2018;0,3;5,23;4,93;1;0
05.01.2018;0,3;5,34;5,04;1;0
06.01.2018;0,3;8,65;8,35;1;0
07.01.2018;0,3;8,9;8,6;1;0
08.01.2018;0,3;5,76;5,46;1;0
09.01.2018;0,3;1,68;1,38;1;0
10.01.2018;0,3;3,51;3,21;1;0
11.01.2018;0,3;0,99;0,69;1;0
12.01.2018;0,3;2,24;1,94;1;0
13.01.2018;0,3;1,55;1,25;1;0
14.01.2018;0,3;1,99;1,69;1;0
15.01.2018;0,3;3,03;2,73;1;0
16.01.2018;0,3;3,04;2,74;1;0
17.01.2018;0,3;3,28;2,98;1;0
18.01.2018;0,3;1,14;0,84;1;0
19.01.2018;0,3;2,46;2,16;1;0
20.01.2018;0,3;5,91;5,61;1;0
21.01.2018;0,3;6,64;6,34;1;0
22.01.2018;0,3;6,24;5,94;1;0
23.01.2018;0,3;5,76;5,46;1;0
24.01.2018;0,3;7,8;7,5;1;0
25.01.2018;0,3;8,11;7,81;1;0
26.01.2018;0,3;8,7;8,4;1;0
27.01.2018;0,3;6,25;5,95;1;0
28.01.2018;0,3;4,61;4,31;1;0
29.01.2018;0,3;4,09;3,79;1;0
30.01.2018;0,3;2,81;2,51;1;0
31.01.2018;0,3;4,05;3,75;1;0
01.02.2018;0,3;8,25;7,95;1;0
02.02.2018;0,3;6,61;6,31;1;0
03.02.2018;0,3;5,7;5,4;1;0
04.02.2018;0,3;6,48;6,18;1;0
05.02.2018;0,3;5,51;5,21;1;0
06.02.2018;0,3;4,33;4,03;1;0
07.02.2018;0,3;3,19;2,89;1;0
08.02.2018;0,3;0,65;0,35;1;0
09.02.2018;0,3;0,99;0,69;1;0
10.02.2018;0,3;3,16;2,86;1;0
11.02.2018;0,3;4,01;3,71;1;0
12.02.2018;0,3;3,84;3,54;1;0
13.02.2018;0,3;2,28;1,98;1;0
14.02.2018;0,3;1,28;0,98;1;0
15.02.2018;0,3;0,33;0,03;1;0
16.02.2018;0,3;1,56;1,26;1;0
17.02.2018;0,3;3,36;3,06;1;0
18.02.2018;0,3;1,81;1,51;1;0
19.02.2018;0,3;1,16;0,86;1;0
20.02.2018;0,3;1,98;1,68;1;0
21.02.2018;0,3;1,75;1,45;1;0
22.02.2018;0,3;-0,61;-0,91;0;1
23.02.2018;0,3;0,68;0,38;1;0
24.02.2018;0,3;4,66;4,36;1;0
25.02.2018;0,3;11,6;11,3;1;0
26.02.2018;0,3;7,95;7,65;1;0
27.02.2018;0,3;5,96;5,66;1;0
28.02.2018;0,3;5,64;5,34;1;0
01.03.2018;2,6;7,66;5,06;1;0
02.03.2018;2,6;7,55;4,95;1;0
03.03.2018;2,6;5,74;3,14;1;0
04.03.2018;2,6;6,3;3,7;1;0
05.03.2018;2,6;3,51;0,91;1;0
06.03.2018;2,6;3,45;0,85;1;0
07.03.2018;2,6;-1,16;-3,76;0;1
08.03.2018;2,6;0,83;-1,78;0;1
09.03.2018;2,6;-0,24;-2,84;0;1
10.03.2018;2,6;-0,86;-3,46;0;1
11.03.2018;2,6;-1,29;-3,89;0;1
12.03.2018;2,6;-0,01;-2,61;0;1
13.03.2018;2,6;-0,26;-2,86;0;1
14.03.2018;2,6;0,56;-2,04;0;1
15.03.2018;2,6;2,34;-0,26;0;1
16.03.2018;2,6;1,83;-0,78;0;1
17.03.2018;2,6;2,69;0,09;1;0
18.03.2018;2,6;2,95;0,35;1;0
19.03.2018;2,6;0,68;-1,93;0;1
20.03.2018;2,6;4,86;2,26;1;0
21.03.2018;2,6;4,13;1,53;1;0
22.03.2018;2,6;4,38;1,78;1;0
23.03.2018;2,6;4,91;2,31;1;0
24.03.2018;2,6;3,38;0,78;1;0
25.03.2018;2,6;2,18;-0,43;0;1
26.03.2018;2,6;1,11;-1,49;0;1
27.03.2018;2,6;0,44;-2,16;0;1
28.03.2018;2,6;0,13;-2,48;0;1
29.03.2018;2,6;-2,96;-5,56;0;1
31.03.2018;2,6;-1,54;-4,14;0;1
01.04.2018;6,5;-3,43;-9,93;0;1
02.04.2018;6,5;-6,14;-12,64;0;1
03.04.2018;6,5;-3,95;-10,45;0;1
04.04.2018;6,5;-4,96;-11,46;0;1
05.04.2018;6,5;-3,44;-9,94;0;1
06.04.2018;6,5;-2,31;-8,81;0;1
07.04.2018;6,5;5,99;-0,51;0;1
08.04.2018;6,5;6,4;-0,1;0;1
09.04.2018;6,5;1,19;-5,31;0;1
10.04.2018;6,5;4,46;-2,04;0;1
11.04.2018;6,5;4,45;-2,05;0;1
12.04.2018;6,5;3,4;-3,1;0;1
13.04.2018;6,5;11,48;4,98;1;0
14.04.2018;6,5;6,54;0,04;1;0
15.04.2018;6,5;4,26;-2,24;0;1
16.04.2018;6,5;3,2;-3,3;0;1
17.04.2018;6,5;2,46;-4,04;0;1
18.04.2018;6,5;0,2;-6,3;0;1
19.04.2018;6,5;-2,23;-8,73;0;1
20.04.2018;6,5;-0,83;-7,33;0;1
21.04.2018;6,5;2,3;-4,2;0;1
22.04.2018;6,5;4,21;-2,29;0;1
23.04.2018;6,5;4,7;-1,8;0;1
24.04.2018;6,5;5,76;-0,74;0;1
25.04.2018;6,5;4,43;-2,08;0;1
26.04.2018;6,5;7,13;0,63;1;0
27.04.2018;6,5;7,63;1,13;1;0
28.04.2018;6,5;5,04;-1,46;0;1
29.04.2018;6,5;5,33;-1,18;0;1
30.04.2018;6,5;3,73;-2,78;0;1
02.05.2018;11,1;0,9;-10,2;0;1
03.05.2018;11,1;3,23;-7,88;0;1
04.05.2018;11,1;2,23;-8,88;0;1
05.05.2018;11,1;2,53;-8,58;0;1
06.05.2018;11,1;6,1;-5;0;1
07.05.2018;11,1;11,78;0,68;1;0
08.05.2018;11,1;13,21;2,11;1;0
09.05.2018;11,1;8,66;-2,44;0;1
10.05.2018;11,1;9,99;-1,11;0;1
11.05.2018;11,1;14,75;3,65;1;0
12.05.2018;11,1;20,5;9,4;1;0
13.05.2018;11,1;15,31;4,21;1;0
14.05.2018;11,1;5,16;-5,94;0;1
15.05.2018;11,1;4,71;-6,39;0;1
16.05.2018;11,1;7,98;-3,13;0;1
17.05.2018;11,1;8,71;-2,39;0;1
18.05.2018;11,1;7,68;-3,43;0;1
19.05.2018;11,1;9,54;-1,56;0;1
20.05.2018;11,1;13,88;2,78;1;0
22.05.2018;11,1;15,25;4,15;1;0
23.05.2018;11,1;20,35;9,25;1;0
24.05.2018;11,1;23,11;12,01;1;0
25.05.2018;11,1;24,38;13,28;1;0
26.05.2018;11,1;15,66;4,56;1;0
27.05.2018;11,1;14,53;3,43;1;0
28.05.2018;11,1;14,4;3,3;1;0
29.05.2018;11,1;12,09;0,99;1;0
30.05.2018;11,1;9,25;-1,85;0;1
31.05.2018;11,1;11,09;-0,01;0;1
01.06.2018;14,6;13,09;-1,51;0;1
02.06.2018;14,6;14,65;0,05;1;0
03.06.2018;14,6;8,88;-5,73;0;1
04.06.2018;14,6;11,55;-3,05;0;1
05.06.2018;14,6;6,99;-7,61;0;1
06.06.2018;14,6;14,73;0,13;1;0
07.06.2018;14,6;12,5;-2,1;0;1
08.06.2018;14,6;12,19;-2,41;0;1
09.06.2018;14,6;14,75;0,15;1;0
10.06.2018;14,6;18,91;4,31;1;0
11.06.2018;14,6;20,83;6,23;1;0
12.06.2018;14,6;22,39;7,79;1;0
13.06.2018;14,6;23,3;8,7;1;0
14.06.2018;14,6;20,53;5,93;1;0
15.06.2018;14,6;15,1;0,5;1;0
16.06.2018;14,6;17,34;2,74;1;0
17.06.2018;14,6;17,25;2,65;1;0
18.06.2018;14,6;18,89;4,29;1;0
19.06.2018;14,6;18;3,4;1;0
20.06.2018;14,6;20,56;5,96;1;0
21.06.2018;14,6;15,29;0,69;1;0
22.06.2018;14,6;14,75;0,15;1;0
23.06.2018;14,6;14,91;0,31;1;0
24.06.2018;14,6;18,9;4,3;1;0
25.06.2018;14,6;18,51;3,91;1;0
26.06.2018;14,6;20,33;5,73;1;0
27.06.2018;14,6;20,16;5,56;1;0
28.06.2018;14,6;20,35;5,75;1;0
29.06.2018;14,6;19,78;5,18;1;0
30.06.2018;14,6;19,88;5,28;1;0
01.07.2018;16,3;16,43;0,13;1;0
02.07.2018;16,3;20,21;3,91;1;0
03.07.2018;16,3;23,46;7,16;1;0
04.07.2018;16,3;23,19;6,89;1;0
05.07.2018;16,3;21,89;5,59;1;0
06.07.2018;16,3;21,38;5,08;1;0
07.07.2018;16,3;22,89;6,59;1;0
08.07.2018;16,3;19,28;2,98;1;0
09.07.2018;16,3;19,25;2,95;1;0
10.07.2018;16,3;19,7;3,4;1;0
11.07.2018;16,3;22,15;5,85;1;0
12.07.2018;16,3;23,69;7,39;1;0
13.07.2018;16,3;22,74;6,44;1;0
14.07.2018;16,3;22,11;5,81;1;0
15.07.2018;16,3;19,1;2,8;1;0
16.07.2018;16,3;18,51;2,21;1;0
17.07.2018;16,3;15,31;-0,99;0;1
18.07.2018;16,3;16,4;0,1;1;0
19.07.2018;16,3;20,9;4,6;1;0
20.07.2018;16,3;19,2;2,9;1;0
21.07.2018;16,3;21,33;5,03;1;0
22.07.2018;16,3;18,28;1,98;1;0
23.07.2018;16,3;17,64;1,34;1;0
24.07.2018;16,3;19,24;2,94;1;0
25.07.2018;16,3;23,65;7,35;1;0
26.07.2018;16,3;11,56;-4,74;0;1
27.07.2018;16,3;15,58;-0,73;0;1
28.07.2018;16,3;14,3;-2;0;1
29.07.2018;16,3;16,24;-0,06;0;1
30.07.2018;16,3;17,18;0,88;1;0
31.07.2018;16,3;20,08;3,78;1;0
01.08.2018;15,6;22,01;6,41;1;0
02.08.2018;15,6;22,13;6,53;1;0
03.08.2018;15,6;21,85;6,25;1;0
04.08.2018;15,6;21,24;5,64;1;0
05.08.2018;15,6;21,06;5,46;1;0
06.08.2018;15,6;22,53;6,93;1;0
07.08.2018;15,6;22,49;6,89;1;0
08.08.2018;15,6;19,7;4,1;1;0
09.08.2018;15,6;17,5;1,9;1;0
10.08.2018;15,6;20,51;4,91;1;0
11.08.2018;15,6;20,25;4,65;1;0
12.08.2018;15,6;23;7,4;1;0
13.08.2018;15,6;16,75;1,15;1;0
14.08.2018;15,6;18,68;3,08;1;0
15.08.2018;15,6;19,63;4,03;1;0
16.08.2018;15,6;26,08;10,48;1;0
17.08.2018;15,6;23,98;8,38;1;0
18.08.2018;15,6;17,76;2,16;1;0
19.08.2018;15,6;23,2;7,6;1;0
20.08.2018;15,6;24,25;8,65;1;0
21.08.2018;15,6;26,78;11,18;1;0
22.08.2018;15,6;23,87;8,27;1;0
23.08.2018;15,6;22,58;6,98;1;0
24.08.2018;15,6;22,78;7,18;1;0
25.08.2018;15,6;25,06;9,46;1;0
26.08.2018;15,6;25,04;9,44;1;0
27.08.2018;15,6;24,84;9,24;1;0
28.08.2018;15,6;28,1;12,5;1;0
29.08.2018;15,6;28,43;12,83;1;0
30.08.2018;15,6;28,88;13,28;1;0
31.08.2018;15,6;27,59;11,99;1;0
01.09.2018;13;28,75;15,75;1;0
02.09.2018;13;24,55;11,55;1;0
03.09.2018;13;27,79;14,79;1;0
04.09.2018;13;31,29;18,29;1;0
05.09.2018;13;23,76;10,76;1;0
06.09.2018;13;26,19;13,19;1;0
07.09.2018;13;27,66;14,66;1;0
08.09.2018;13;25,14;12,14;1;0
09.09.2018;13;21,3;8,3;1;0
10.09.2018;13;23,1;10,1;1;0
11.09.2018;13;32,67;19,67;1;0
12.09.2018;13;28,15;15,15;1;0
13.09.2018;13;24,58;11,58;1;0
14.09.2018;13;17,33;4,33;1;0
15.09.2018;13;15,5;2,5;1;0
16.09.2018;13;18,38;5,38;1;0
17.09.2018;13;21,91;8,91;1;0
18.09.2018;13;21,8;8,8;1;0
19.09.2018;13;21,99;8,99;1;0
20.09.2018;13;25,08;12,08;1;0
21.09.2018;13;19,55;6,55;1;0
22.09.2018;13;21,75;8,75;1;0
23.09.2018;13;21,39;8,39;1;0
24.09.2018;13;19,6;6,6;1;0
25.09.2018;13;19,79;6,79;1;0
26.09.2018;13;26,64;13,64;1;0
27.09.2018;13;22,58;9,58;1;0
28.09.2018;13;17,1;4,1;1;0
29.09.2018;13;12,9;-0,1;0;1
30.09.2018;13;16,99;3,99;1;0
01.10.2018;9,1;16,54;7,44;1;0
02.10.2018;9,1;18,61;9,51;1;0
03.10.2018;9,1;22,7;13,6;1;0
04.10.2018;9,1;15,46;6,36;1;0
05.10.2018;9,1;18,73;9,63;1;0
06.10.2018;9,1;18,11;9,01;1;0
07.10.2018;9,1;18,95;9,85;1;0
08.10.2018;9,1;21,01;11,91;1;0
09.10.2018;9,1;20,53;11,43;1;0
10.10.2018;9,1;20,29;11,19;1;0
11.10.2018;9,1;21,28;12,18;1;0
12.10.2018;9,1;17,48;8,38;1;0
13.10.2018;9,1;19,24;10,14;1;0
14.10.2018;9,1;16,55;7,45;1;0
15.10.2018;9,1;14,3;5,2;1;0
16.10.2018;9,1;17,34;8,24;1;0
17.10.2018;9,1;17,11;8,01;1;0
18.10.2018;9,1;14,96;5,86;1;0
19.10.2018;9,1;13,03;3,93;1;0
20.10.2018;9,1;11,65;2,55;1;0
21.10.2018;9,1;11,29;2,19;1;0
22.10.2018;9,1;12,76;3,66;1;0
23.10.2018;9,1;14,24;5,14;1;0
24.10.2018;9,1;17,6;8,5;1;0
25.10.2018;9,1;12,86;3,76;1;0
26.10.2018;9,1;13,1;4;1;0
27.10.2018;9,1;13,96;4,86;1;0
28.10.2018;9,1;11,16;2,06;1;0
29.10.2018;9,1;10;0,9;1;0
30.10.2018;9,1;12,29;3,19;1;0
01.11.2018;4,4;14,26;9,86;1;0
02.11.2018;4,4;18,11;13,71;1;0
03.11.2018;4,4;14,34;9,94;1;0
04.11.2018;4,4;11,4;7;1;0
05.11.2018;4,4;13,06;8,66;1;0
06.11.2018;4,4;15,13;10,73;1;0
07.11.2018;4,4;17,1;12,7;1;0
08.11.2018;4,4;19,63;15,23;1;0
09.11.2018;4,4;21,41;17,01;1;0
10.11.2018;4,4;20,79;16,39;1;0
11.11.2018;4,4;19,06;14,66;1;0
12.11.2018;4,4;20,84;16,44;1;0
13.11.2018;4,4;12,82;8,42;1;0
14.11.2018;4,4;10,93;6,53;1;0
15.11.2018;4,4;11,1;6,7;1;0
16.11.2018;4,4;11,93;7,53;1;0
17.11.2018;4,4;10,36;5,96;1;0
18.11.2018;4,4;11,13;6,73;1;0
19.11.2018;4,4;10,33;5,93;1;0
20.11.2018;4,4;5,84;1,44;1;0
21.11.2018;4,4;5,59;1,19;1;0
22.11.2018;4,4;7,36;2,96;1;0
23.11.2018;4,4;10,64;6,24;1;0
24.11.2018;4,4;9,9;5,5;1;0
25.11.2018;4,4;11,73;7,33;1;0
26.11.2018;4,4;10,68;6,28;1;0
27.11.2018;4,4;8,7;4,3;1;0
28.11.2018;4,4;8,23;3,83;1;0
29.11.2018;4,4;10,41;6,01;1;0
30.11.2018;4,4;8,54;4,14;1;0
01.12.2018;1,6;11,09;9,49;1;0
02.12.2018;1,6;11,63;10,03;1;0
03.12.2018;1,6;9,3;7,7;1;0
04.12.2018;1,6;11,43;9,83;1;0
05.12.2018;1,6;12,24;10,64;1;0
06.12.2018;1,6;10,54;8,94;1;0
07.12.2018;1,6;10,33;8,73;1;0
08.12.2018;1,6;8,44;6,84;1;0
09.12.2018;1,6;10,35;8,75;1;0
10.12.2018;1,6;8,26;6,66;1;0
11.12.2018;1,6;5,38;3,78;1;0
12.12.2018;1,6;6,75;5,15;1;0
13.12.2018;1,6;5,78;4,18;1;0
14.12.2018;1,6;4,73;3,13;1;0
15.12.2018;1,6;3,05;1,45;1;0
16.12.2018;1,6;1,51;-0,09;0;1
17.12.2018;1,6;1,89;0,29;1;0
18.12.2018;1,6;3,03;1,43;1;0
19.12.2018;1,6;5,16;3,56;1;0
20.12.2018;1,6;4,95;3,35;1;0
21.12.2018;1,6;2,16;0,56;1;0
22.12.2018;1,6;1,5;-0,1;0;1
23.12.2018;1,6;3,3;1,7;1;0
24.12.2018;1,6;7,84;6,24;1;0
27.12.2018;1,6;7,16;5,56;1;0
28.12.2018;1,6;8,15;6,55;1;0
29.12.2018;1,6;10,83;9,23;1;0
30.12.2018;1,6;5,44;3,84;1;0
31.12.2018;1,6;3,74;2,14;1;0
02.01.2019;0,3;6,73;6,43;1;0
03.01.2019;0,3;10,83;10,53;1;0
04.01.2019;0,3;7,48;7,18;1;0
05.01.2019;0,3;6,95;6,65;1;0
06.01.2019;0,3;4,91;4,61;1;0
07.01.2019;0,3;4,64;4,34;1;0
08.01.2019;0,3;4,18;3,88;1;0
09.01.2019;0,3;2,93;2,63;1;0
10.01.2019;0,3;2,18;1,88;1;0
11.01.2019;0,3;0,54;0,24;1;0
12.01.2019;0,3;0,2;-0,1;0;1
13.01.2019;0,3;0,65;0,35;1;0
14.01.2019;0,3;5,31;5,01;1;0
15.01.2019;0,3;3,18;2,88;1;0
16.01.2019;0,3;4,89;4,59;1;0
17.01.2019;0,3;6,11;5,81;1;0
18.01.2019;0,3;4,3;4;1;0
19.01.2019;0,3;6,45;6,15;1;0
20.01.2019;0,3;2,5;2,2;1;0
21.01.2019;0,3;6,36;6,06;1;0
22.01.2019;0,3;7,91;7,61;1;0
23.01.2019;0,3;7,13;6,83;1;0
24.01.2019;0,3;7,31;7,01;1;0
25.01.2019;0,3;7,68;7,38;1;0
26.01.2019;0,3;6,68;6,38;1;0
27.01.2019;0,3;7,39;7,09;1;0
28.01.2019;0,3;6,29;5,99;1;0
29.01.2019;0,3;3,91;3,61;1;0
30.01.2019;0,3;0,73;0,43;1;0
31.01.2019;0,3;5,55;5,25;1;0
01.02.2019;0,3;7,85;7,55;1;0
02.02.2019;0,3;3,65;3,35;1;0
03.02.2019;0,3;5,94;5,64;1;0
04.02.2019;0,3;5,5;5,2;1;0
05.02.2019;0,3;3,14;2,84;1;0
06.02.2019;0,3;1,4;1,1;1;0
07.02.2019;0,3;6,86;6,56;1;0
08.02.2019;0,3;6,09;5,79;1;0
09.02.2019;0,3;7,69;7,39;1;0
10.02.2019;0,3;1,94;1,64;1;0
11.02.2019;0,3;6,66;6,36;1;0
12.02.2019;0,3;7,21;6,91;1;0
13.02.2019;0,3;4,19;3,89;1;0
14.02.2019;0,3;1,26;0,96;1;0
15.02.2019;0,3;0,93;0,63;1;0
16.02.2019;0,3;0,85;0,55;1;0
17.02.2019;0,3;-0,43;-0,73;0;1
18.02.2019;0,3;0,14;-0,16;0;1
19.02.2019;0,3;-3,08;-3,38;0;1
20.02.2019;0,3;-4,81;-5,11;0;1
21.02.2019;0,3;-3,39;-3,69;0;1
22.02.2019;0,3;3,84;3,54;1;0
23.02.2019;0,3;4,94;4,64;1;0
24.02.2019;0,3;2,75;2,45;1;0
25.02.2019;0,3;1,58;1,28;1;0
26.02.2019;0,3;1,6;1,3;1;0
27.02.2019;0,3;1,4;1,1;1;0
28.02.2019;0,3;-0,08;-0,38;0;1
01.03.2019;2,6;1,74;-0,86;0;1
02.03.2019;2,6;2,5;-0,1;0;1
03.03.2019;2,6;2,95;0,35;1;0
04.03.2019;2,6;4,64;2,04;1;0
05.03.2019;2,6;3,66;1,06;1;0
06.03.2019;2,6;6,04;3,44;1;0
07.03.2019;2,6;6,5;3,9;1;0
08.03.2019;2,6;7,4;4,8;1;0
09.03.2019;2,6;5,13;2,53;1;0
10.03.2019;2,6;5,94;3,34;1;0
11.03.2019;2,6;5,23;2,63;1;0
12.03.2019;2,6;7,54;4,94;1;0
13.03.2019;2,6;7,4;4,8;1;0
14.03.2019;2,6;11,34;8,74;1;0
15.03.2019;2,6;10,43;7,83;1;0
16.03.2019;2,6;11,63;9,03;1;0
17.03.2019;2,6;11,73;9,13;1;0
18.03.2019;2,6;6,75;4,15;1;0
19.03.2019;2,6;7,34;4,74;1;0
21.03.2019;2,6;7,68;5,08;1;0
22.03.2019;2,6;4,13;1,53;1;0
23.03.2019;2,6;4,78;2,18;1;0
24.03.2019;2,6;9,69;7,09;1;0
25.03.2019;2,6;9,81;7,21;1;0
26.03.2019;2,6;10,85;8,25;1;0
27.03.2019;2,6;13,41;10,81;1;0
28.03.2019;2,6;7,89;5,29;1;0
29.03.2019;2,6;5,64;3,04;1;0
30.03.2019;2,6;5,4;2,8;1;0
31.03.2019;2,6;8,98;6,38;1;0
01.04.2019;6,5;7,54;1,04;1;0
02.04.2019;6,5;6,89;0,39;1;0
04.04.2019;6,5;6,76;0,26;1;0
05.04.2019;6,5;9,65;3,15;1;0
06.04.2019;6,5;6,89;0,39;1;0
07.04.2019;6,5;6,35;-0,15;0;1
08.04.2019;6,5;6,89;0,39;1;0
09.04.2019;6,5;4,08;-2,43;0;1
10.04.2019;6,5;5,43;-1,08;0;1
11.04.2019;6,5;5,8;-0,7;0;1
12.04.2019;6,5;5,56;-0,94;0;1
13.04.2019;6,5;7,49;0,99;1;0
14.04.2019;6,5;5,59;-0,91;0;1
15.04.2019;6,5;7,4;0,9;1;0
16.04.2019;6,5;6,33;-0,18;0;1
17.04.2019;6,5;7,01;0,51;1;0
18.04.2019;6,5;8,29;1,79;1;0
20.04.2019;6,5;10,23;3,73;1;0
21.04.2019;6,5;9,7;3,2;1;0
22.04.2019;6,5;10,26;3,76;1;0
23.04.2019;6,5;7,66;1,16;1;0
24.04.2019;6,5;7,34;0,84;1;0
25.04.2019;6,5;7,84;1,34;1;0
26.04.2019;6,5;8,38;1,88;1;0
27.04.2019;6,5;10,7;4,2;1;0
28.04.2019;6,5;12,11;5,61;1;0
29.04.2019;6,5;15,5;9;1;0
30.04.2019;6,5;7,66;1,16;1;0
02.05.2019;11,1;8,05;-3,05;0;1
03.05.2019;11,1;11,69;0,59;1;0
04.05.2019;11,1;9,88;-1,23;0;1
05.05.2019;11,1;12,06;0,96;1;0
06.05.2019;11,1;12,76;1,66;1;0
07.05.2019;11,1;12,84;1,74;1;0
08.05.2019;11,1;9,11;-1,99;0;1
09.05.2019;11,1;6,66;-4,44;0;1
10.05.2019;11,1;6,28;-4,83;0;1
11.05.2019;11,1;5,34;-5,76;0;1
12.05.2019;11,1;5,21;-5,89;0;1
13.05.2019;11,1;3,48;-7,63;0;1
14.05.2019;11,1;5,94;-5,16;0;1
15.05.2019;11,1;7,35;-3,75;0;1
16.05.2019;11,1;8,44;-2,66;0;1
17.05.2019;11,1;11,66;0,56;1;0
18.05.2019;11,1;13,01;1,91;1;0
19.05.2019;11,1;14,1;3;1;0
20.05.2019;11,1;13,13;2,03;1;0
21.05.2019;11,1;16,81;5,71;1;0
22.05.2019;11,1;15,78;4,68;1;0
23.05.2019;11,1;14,23;3,13;1;0
24.05.2019;11,1;17,65;6,55;1;0
25.05.2019;11,1;19,61;8,51;1;0
26.05.2019;11,1;14,98;3,88;1;0
27.05.2019;11,1;16,21;5,11;1;0
28.05.2019;11,1;9,85;-1,25;0;1
29.05.2019;11,1;13,61;2,51;1;0
30.05.2019;11,1;17,65;6,55;1;0
31.05.2019;11,1;9,26;-1,84;0;1
